Sample_ID,Time_point,Type,Rat_ID,Group,Group_code,G-CSF (13),Eotaxin (14),GM-CSF (18),IL-1a (19),Leptin (22),MIP-1a (33),IL-4 (34),IL-1B (35),IL-2 (36),IL-6 (37),EGF (38),IL-13 (39),IL-10 (51),IL-12p70 (52),IFNy (53),IL-5 (55),IL-17A (56),IL-18 (57),MCP-1 (62),IP-10 (65),GRO/KC (72),VEGF (73),Fractalkine (74),LIX (75),MIP-2 (76),TNFa (77),RANTES (78)
54,Pre,Serum,JR_54,CHO,1,62.9,7.46,OOR,59.65,6048.29,18.38,2.62,35.11,73.98,OOR,14.62,13.77,37.63,238.34,OOR <,53.31,11.84,362.7,859.13,183.52,OOR <,36.51,46.52,2425.1,OOR <,19.88,1207.1
66,Pre,Serum,JR_66,CHO,1,40.49,4.52,OOR,41.53,5085.65,16.35,4.13,31.37,40.81,104.59,46.98,6.36,20.86,150.34,OOR <,39.06,11.47,352.74,493.01,204,OOR <,27.93,46.18,1981.66,OOR <,9.97,631.56
73,Pre,Serum,JR_73,CHO,1,48.63,6.72,OOR,109.49,4886.37,8.37,3.43,55.39,60.06,214.38,43.29,3.65,62.8,143.42,OOR <,31.56,9.85,156.84,644.83,209.82,OOR <,2.24,27.01,2665.57,OOR <,13.54,818.59
74,Pre,Serum,JR_74,CHO,1,46.98,4.98,OOR,51.86,7943.75,8.62,4.49,332.32,31.64,120.27,14.28,8.08,257.79,166.79,OOR <,41.09,21.04,141.56,570.73,238.73,OOR <,OOR,18.41,1947.45,OOR <,11.51,782.83
75,Pre,Serum,JR_75,CHO,1,26.77,4.8,OOR,28.33,3680.28,11.17,1.53,21.96,37.13,41.89,46.1,3.4,18.29,106.16,OOR <,38.02,6.84,320.17,334.11,176.74,OOR <,13.93,34.91,2216.39,OOR <,2.66,539.45
76,Pre,Serum,JR_76,CHO,1,38.66,4.33,OOR,33.92,8240.32,14.59,1.53,27.01,45.74,167.31,26.65,1.18,19.11,158.68,OOR <,40.34,5.74,303.88,535.88,193.56,OOR <,30.98,43.42,2025.07,OOR <,6.87,740.08
77,Pre,Serum,JR_77,CHO,1,49.44,6.13,OOR,30.58,5069.62,9.7,5.29,35.11,45.74,OOR,56.67,2.42,21.32,148.63,OOR <,30.96,12.22,357.27,538.63,220.9,OOR <,15.38,31.63,1469.81,OOR <,11.51,359.92
78,Pre,Serum,JR_78,CHO,1,OOR,OOR <,OOR,OOR,1351.65,3.34,OOR,17.79,32.86,OOR,16.15,OOR,1.83,97.56,OOR <,17.52,1.53,202.55,92.75,80.44,OOR <,1.37,15.37,300.17,OOR <,2.89,96.22
S54,Post,Serum,JR_54,CHO,1,4.88,2.37,OOR,OOR,9482.3,5.05,0.6,21.12,45.74,OOR,OOR <,1.43,9.57,158.68,OOR <,32.46,8.14,55.94,493.01,109.62,OOR <,19.37,30.08,358.85,OOR <,8.55,270.13
S66,Post,Serum,JR_66,CHO,1,10.95,OOR <,OOR,OOR,5945.68,5.81,1.53,3.39,19.48,OOR,OOR <,OOR,5.71,106.16,OOR <,23.63,3.02,99.56,231.67,99.28,OOR <,7.82,28.25,805.56,OOR <,0.42,236.48
S73,Post,Serum,JR_73,CHO,1,46.56,3.8,OOR,14.53,4151.95,6.21,1.07,37.08,66.36,OOR,0.16,2.91,21.78,188.96,OOR <,42.81,15.99,123.55,588.74,122.04,OOR <,2.24,27.63,1281.34,OOR <,16.14,302.1
S74,Post,Serum,JR_74,CHO,1,48.22,6.5,OOR,OOR,8816.45,6.94,4.88,83.86,40.81,OOR,0,OOR,82,168.39,OOR <,43.54,11.1,153.07,637.76,181.35,OOR <,1.95,23.25,1505.83,OOR <,14.6,824.8
S75,Post,Serum,JR_75,CHO,1,50.65,6.13,OOR,51.86,9594.5,8.17,5.51,33.8,42.66,481.83,0.43,14.77,14.64,136.2,OOR <,42.33,19.23,164.3,426.76,181.31,OOR <,17.63,29.23,2087.55,OOR <,11.32,505.31
S76,Post,Serum,JR_76,CHO,1,60.67,9.32,OOR,73.41,16609.43,10.94,12.68,40.84,83.59,804.51,0.83,15.27,70.48,305.47,OOR <,48.38,16.83,184.44,581.08,179.73,OOR <,28.2,37.57,1485.46,OOR <,19.56,437.57
S77,Post,Serum,JR_77,CHO,1,48.22,6.28,OOR,6.41,6961.26,9.88,5.73,38.62,63.83,OOR,0.21,7.84,32.21,190.54,OOR <,38.02,14.76,144.47,395.48,132.98,OOR <,21.97,32.46,1422.64,OOR <,16.31,348.24
S78,Post,Serum,JR_78,CHO,1,1.8,3.69,OOR,OOR,7972.58,6.76,0.6,39.06,45.12,OOR,OOR <,OOR,49.59,160.32,OOR <,33.91,6.05,141.56,317.33,197.71,OOR <,16.93,32.34,1438.78,OOR <,7.51,250.68
51,Pre,Serum,JR_51,CHO+E,2,48.22,4.43,OOR,28.33,5466.36,10.15,5.29,110.94,47.59,135.94,29.43,4.14,87.84,174.75,OOR <,34.19,11.1,266.79,507.66,253.68,OOR <,26.01,37.91,2001.37,OOR <,8.14,882.54
52,Pre,Serum,JR_52,CHO+E,2,44.02,6.36,OOR,72.52,3571.44,14.74,3.43,36.43,75.89,198.69,50.94,6.6,63.13,198.51,OOR <,54.55,14.56,266.79,766.52,230.15,OOR <,25.84,43.54,2105.21,OOR <,16.14,780.7
53,Pre,Serum,JR_53,CHO+E,2,48.63,7.33,OOR,66.2,3533.52,15.83,1.99,47.24,63.83,73.24,48.63,7.84,56.39,184.23,OOR <,66.68,17.05,292.12,3870.96,243.18,OOR <,34.69,47.33,2406.03,OOR <,13.89,1620.9
63,Pre,Serum,JR_63,CHO+E,2,30.71,3.09,OOR,2.95,2304.07,8.04,3.6,17.12,41.43,OOR,15.44,0.44,18.29,152.03,OOR <,45.89,10.38,125.61,468.75,141.57,OOR <,7.96,22.58,1623.03,OOR <,9.37,549.11
64,Pre,Serum,JR_64,CHO+E,2,49.03,6.72,OOR,68.02,3089.65,17.78,10.82,39.95,52.56,277.24,11.06,8.33,41.01,233.21,OOR <,47.03,19.68,247.79,642.48,180.37,OOR <,7.96,21.19,1848.51,OOR <,16.31,626.56
65,Pre,Serum,JR_65,CHO+E,2,38.66,0.8,OOR,39.39,1971.47,9.77,1.84,24.57,42.66,OOR,27.84,1.43,19.54,150.34,OOR <,34.19,3.02,181.71,453,212.44,OOR <,11.9,25.87,2155.1,OOR <,7.3,683.93
83,Pre,Serum,JR_83,CHO+E,2,8.98,OOR <,OOR,OOR,4122.6,7.99,0.6,23.55,97.2,OOR,3.15,OOR,36.76,145.18,OOR <,37.75,5.12,189.88,325.8,135.44,OOR <,9.88,26.75,1056.34,OOR <,4.23,301.3
84,Pre,Serum,JR_84,CHO+E,2,22.36,OOR <,OOR,OOR,5470.41,13.71,1.37,24.57,37.75,OOR,15.23,OOR,27.27,143.42,OOR <,31.56,6.05,262.27,313.03,186.49,OOR <,18.02,30.32,2164.08,OOR <,1.77,918.01
85,Pre,Serum,JR_85,CHO+E,2,31.77,6.21,OOR,11.05,8852.63,8.55,4.49,34.9,61.31,120.27,11.92,3.4,16.74,190.54,OOR <,36.14,9.85,157.77,477.98,178.73,OOR <,12.35,23.65,1626.04,OOR <,7.3,356.97
S51,Post,Serum,JR_51,CHO+E,2,57.66,6.65,OOR,4.1,6604.42,7.28,4.31,80.97,45.74,OOR,0.3,5.37,86.68,198.51,OOR <,35.31,11.47,92.44,498.92,233.29,OOR <,18.02,37.57,1549.83,OOR <,14.77,454.07
S52,Post,Serum,JR_52,CHO+E,2,46.56,5.9,OOR,60.6,2163.62,10.55,12.68,47.24,90.05,214.38,0.75,14.02,41.01,252.24,OOR <,49.7,17.47,238.74,661.08,228.33,OOR <,29,49.16,2196.59,OOR <,18.29,665.68
S53,Post,Serum,JR_53,CHO+E,2,27.35,4.71,OOR,19.17,7910.63,8.85,3.1,30.25,61.94,167.31,OOR <,OOR,33.15,122.46,OOR <,40.09,10.03,146.4,1504.79,189.59,OOR <,25.67,38.72,1798.77,OOR <,6.22,856.17
S63,Post,Serum,JR_63,CHO+E,2,45.72,5.16,OOR,45.74,5129.77,6.46,8.32,30.02,41.43,198.69,OOR <,3.16,42.64,173.17,OOR <,39.32,13.76,83.68,557.55,167.35,OOR <,4,18.87,1822.61,OOR <,9.37,424.3
S64,Post,Serum,JR_64,CHO+E,2,OOR,2.2,OOR,OOR,3601.03,2.96,1.84,12.2,33.47,OOR,OOR <,1.43,9.33,25.39,OOR <,30.03,7,12.59,334.11,82.58,OOR <,OOR,9.08,450.9,OOR <,8.35,123.25
S65,Post,Serum,JR_65,CHO+E,2,17.2,OOR <,OOR,OOR,4910.97,2.89,0.91,5.52,23.12,OOR,OOR <,OOR,7.32,128.56,OOR <,25.42,6.05,15.43,220.8,158.9,OOR <,OOR,15.37,830.93,OOR <,2.66,264.33
S83,Post,Serum,JR_83,CHO+E,2,36.78,4.8,OOR,32.81,22517.58,18.8,3.6,199.84,129.57,OOR,1.7,1.92,143.41,166.79,OOR <,37.49,14.56,361.79,560.21,373.92,OOR <,41.13,53.75,2687.81,OOR <,8.96,707.35
S84,Post,Serum,JR_84,CHO+E,2,18,4.62,OOR,OOR,4150,5.91,2.46,25.07,53.8,OOR,OOR <,OOR,12.19,192.13,OOR <,33.04,7.32,89.99,391.87,131.59,OOR <,6.79,23.25,488.05,OOR <,10.17,192.59
S85,Post,Serum,JR_85,CHO+E,2,34.83,6.28,OOR,14.53,8542.99,8.62,5.73,53.68,54.42,26.21,0.77,3.4,45.8,157.04,OOR <,41.34,12.22,183.53,468.75,205.7,OOR <,19.69,31.63,1017.65,OOR <,8.14,341.41
55,Pre,Serum,JR_55,CHO+E+F,4,66.57,6.86,OOR,189.17,8642.72,21.84,4.88,167.45,37.75,120.27,285.51,14.27,144.57,182.65,OOR <,45.89,17.05,499.5,656.47,298.85,OOR <,38.55,45.03,3331.22,OOR <,10.94,1194.34
56,Pre,Serum,JR_56,CHO+E+F,4,65.84,8.1,OOR,100.12,2893,17.41,8.72,57.88,75.89,355.97,140.75,11.29,57.43,257.54,OOR <,44.01,12.41,392.57,798.38,219,OOR <,31.25,45.72,2381.81,OOR <,16.98,924.9
59,Pre,Serum,JR_59,CHO+E+F,4,31.25,3.58,OOR,37.22,5660.5,10.81,OOR,28.88,77.81,OOR,69.47,3.65,21.32,108.74,OOR <,41.09,10.38,305.69,575.92,144.17,OOR <,27.23,35.84,2020.29,OOR <,5.12,976.61
60,Pre,Serum,JR_60,CHO+E+F,4,47.39,4.02,OOR,30.58,4150,12.72,3.43,30.47,42.66,355.97,30.1,OOR,31.26,174.75,OOR <,33.33,10.74,173.5,527.55,143.11,OOR <,19.45,31.27,2255.25,OOR <,13.54,1261.72
61,Pre,Serum,JR_61,CHO+E+F,4,30.71,4.23,OOR,OOR,2889.86,7.08,3.43,17.46,40.81,OOR,15.22,3.16,8.86,160.32,OOR <,38.54,8.64,231.51,549.51,96.45,OOR <,11.67,28.98,856.76,OOR <,14.25,459.16
79,Pre,Serum,JR_79,CHO+E+F,4,31.77,2.37,OOR,OOR,4505.94,9.86,3.43,136.89,33.47,OOR,17.06,OOR,117.47,100.6,OOR <,38.02,7.97,275.84,549.51,212.39,OOR <,14.01,31.27,1477.53,OOR <,9.37,275.91
80,Pre,Serum,JR_80,CHO+E+F,4,26.77,2.2,OOR,OOR,6084.62,7.78,0.6,43.55,25.55,OOR,30.53,0.94,43.44,103.45,OOR <,29.09,8.14,197.12,453,189.76,OOR <,10.78,20.05,839.77,OOR <,8.55,450.44
81,Pre,Serum,JR_81,CHO+E+F,4,OOR,OOR <,OOR,OOR,1884.83,2.05,OOR,34.9,15.24,OOR,5.36,OOR,25.74,16.68,OOR <,24.36,2.42,52.47,117.19,78.47,OOR <,OOR,13.97,291.62,OOR <,3.34,96.42
82,Pre,Serum,JR_82,CHO+E+F,4,24.32,4.43,OOR,1.8,3280.15,9.84,1.53,23.03,52.56,OOR,24.98,1.68,12.48,146.91,OOR <,36.41,10.56,168.91,453,109.39,OOR <,18.57,33.05,958.06,OOR <,8.14,273.34
86,Pre,Serum,JR_86,CHO+E+F,4,32.82,4.71,OOR,7.57,7221.07,10.35,1.84,17.46,27.38,OOR,11.73,OOR,8.41,166.79,OOR <,53.93,5.43,150.22,516.27,190.86,OOR <,9.07,23.92,1665.91,OOR <,8.14,612.5
S55,Post,Serum,JR_55,CHO+E+F,4,38.2,0.25,OOR,37.22,5747.4,7.48,6.21,229.55,58.8,10.54,0.14,1.92,177.51,179.5,OOR <,30.96,12.98,97.22,440.05,232.8,OOR <,15.23,29.71,1072.58,OOR <,8.55,349.34
S56,Post,Serum,JR_56,CHO+E+F,4,58.8,6.13,OOR,48.83,6107.25,7.75,7.96,435.69,44.5,88.91,0.33,3.89,322.79,177.92,OOR <,47.93,11.47,97.22,474.92,343.69,OOR <,10.11,24.31,2201.59,OOR <,6,671.31
S59,Post,Serum,JR_59,CHO+E+F,4,OOR,OOR <,OOR,OOR,4721.17,2.51,0.29,OOR,12.21,OOR,OOR <,OOR,0.2,17.46,OOR <,22.88,3.02,14.58,290.82,75.97,OOR <,6.2,22.85,274.02,OOR <,2.22,135.93
S60,Post,Serum,JR_60,CHO+E+F,4,55.75,8.46,OOR,40.46,3584.95,6.67,8.72,21.68,46.36,183,OOR <,8.82,7.32,209.84,OOR <,45.42,21.27,109.72,565.49,90.96,OOR <,OOR,22.71,2256.31,OOR <,17.64,917.17
S61,Post,Serum,JR_61,CHO+E+F,4,39.59,6.43,OOR,12.21,5814.06,8.14,7.01,31.37,60.06,OOR,0.58,3.89,27.78,198.51,OOR <,40.34,15.99,240.55,658.78,175.31,OOR <,19.61,46.87,954.48,OOR <,13.71,420.54
S79,Post,Serum,JR_79,CHO+E+F,4,30.71,2.2,OOR,OOR,8643.46,9.97,0.6,347.94,52.56,73.24,OOR <,OOR,223.31,168.39,OOR <,38.02,5.74,121.48,281.58,306.9,OOR <,18.26,31.15,1828.3,OOR <,5.56,628.5
S80,Post,Serum,JR_80,CHO+E+F,4,45.72,7.27,OOR,42.59,8899.2,8.99,6.73,60.65,40.81,151.62,0.5,11.05,66.69,161.95,OOR <,49.48,15.37,121.48,552.2,220.79,OOR <,15.3,24.97,1467.5,OOR <,15.29,600.38
S81,Post,Serum,JR_81,CHO+E+F,4,29.07,4.62,OOR,8.73,8805.39,8.14,3.77,36.86,38.97,OOR,0.33,3.16,34.08,177.92,OOR <,48.38,8.81,122.52,465.64,183.88,OOR <,18.57,33.51,1382.4,OOR <,6.65,379.53
S82,Post,Serum,JR_82,CHO+E+F,4,32.3,5.33,OOR,18.01,3524.53,11.13,4.13,28.42,57.55,OOR,0.31,1.43,44.23,173.17,OOR <,44.01,10.74,162.44,443.32,184.11,OOR <,18.02,30.8,1479.46,OOR <,8.96,524.08
S86,Post,Serum,JR_86,CHO+E+F,4,13.76,3.58,OOR,OOR,7932.23,11.23,2.94,18.75,55.67,OOR,0.62,2.91,21.32,173.17,OOR <,37.49,12.98,101.87,409.63,232.69,OOR <,20.66,32.58,1625.54,OOR <,9.37,619.83
58,Pre,Serum,JR_58,CHO+F,3,48.22,6.06,OOR,51.86,9647.33,10.11,5.29,178.56,43.89,OOR,31.78,9.81,130.21,134.34,OOR <,45.65,15.78,236.94,733.51,269.22,OOR <,13.17,25.74,1902.87,OOR <,14.6,635.86
62,Pre,Serum,JR_62,CHO+F,3,41.39,4.33,OOR,16.85,4568.54,13.78,3.77,26.29,42.66,OOR,134.1,4.63,16.74,86.69,OOR <,37.75,12.41,359.08,690.39,190.73,OOR <,36.99,47.44,2154.18,OOR <,10.56,1649.4
67,Pre,Serum,JR_67,CHO+F,3,25.56,4.02,OOR,21.47,2808.41,7.91,0.45,24.06,52.56,OOR,83.8,1.68,17.11,179.5,OOR <,34.76,4.97,174.42,493.01,168.92,OOR <,16.46,38.14,1291.7,OOR <,6,494.45
68,Pre,Serum,JR_68,CHO+F,3,31.77,4.9,OOR,OOR,1891.99,8.27,1.68,46.77,46.36,OOR,65.59,3.89,40.18,160.32,OOR <,39.58,11.66,187.16,554.88,149.65,OOR <,25.93,42.5,1526.5,OOR <,4.46,422.04
69,Pre,Serum,JR_69,CHO+F,3,29.62,5.16,OOR,32.81,2209.1,10.7,3.1,24.06,48.21,OOR,52.95,2.17,13.68,165.18,OOR <,34.19,11.66,188.07,521.94,178.34,OOR <,20.9,38.14,2249.47,OOR <,12.08,662.37
70,Pre,Serum,JR_70,CHO+F,3,25.56,2.03,OOR,OOR,1570.3,5.05,1.22,25.32,23.73,OOR,18.98,2.66,20.41,181.07,OOR <,26.46,8.47,89.99,419.98,116.15,OOR <,2.24,20.34,818.03,OOR <,6,318.96
71,Pre,Serum,JR_71,CHO+F,3,44.02,5.07,OOR,32.81,4272.22,9.63,3.43,70.91,51.93,167.31,14.65,7.1,67.97,174.75,OOR <,49.91,13.76,134.68,538.63,141.42,OOR <,2.39,23.12,1556.32,OOR <,10.94,456.33
72,Pre,Serum,JR_72,CHO+F,3,43.15,4.62,OOR,101.7,3710.61,9.44,2.78,80.39,33.47,OOR,130.96,1.18,69.54,148.63,OOR <,39.83,10.03,203.46,593.8,179.45,OOR <,16.93,35.61,1929.75,OOR <,9.77,493.97
S58,Post,Serum,JR_58,CHO+F,3,45.3,6.13,OOR,42.59,11696.15,7.25,7.01,170.24,51.31,OOR,0.05,15.02,144.57,187.38,OOR <,50.13,21.27,139.61,665.66,249.21,OOR <,OOR,30.44,1727.92,OOR <,18.93,451.82
S62,Post,Serum,JR_62,CHO+F,3,OOR,OOR <,OOR,OOR,554.02,OOR <,OOR,OOR <,OOR,OOR,OOR <,OOR,OOR,86.69,OOR <,9.21,0.94,1.2,109.28,6.63,OOR <,OOR,1.77,OOR <,OOR <,OOR,28.45
S67,Post,Serum,JR_67,CHO+F,3,27.35,4.98,OOR,8.73,7644.55,6.64,5.29,25.56,49.45,OOR,0.15,OOR,28.29,165.18,OOR <,43.3,8.98,64.02,409.63,141.64,OOR <,16.46,34.45,712.34,OOR <,9.77,243.53
S68,Post,Serum,JR_68,CHO+F,3,27.35,4.71,OOR,15.69,8993.25,8.5,4.68,34.68,70.8,OOR,0.57,OOR,27.78,228.12,OOR <,42.81,11.84,143.5,446.57,160.27,OOR <,18.42,38.83,1360.26,OOR <,9.57,251.97
S69,Post,Serum,JR_69,CHO+F,3,5.91,OOR <,OOR,OOR,6040.07,4.98,2.46,11.09,41.43,OOR,OOR <,OOR,4.94,168.39,OOR <,25.42,5.74,39.74,295.36,104.57,OOR <,3.12,25.35,707.3,OOR <,7.3,253.67
S70,Post,Serum,JR_70,CHO+F,3,OOR,OOR <,OOR,OOR,4608.13,2.43,OOR,25.56,6.15,OOR,OOR <,OOR,11.09,141.65,OOR <,12.99,2.57,10.76,220.8,80.02,OOR <,OOR,3.09,126.62,OOR <,1.77,156.26
S71,Post,Serum,JR_71,CHO+F,3,27.93,OOR <,OOR,OOR,6204.1,8.58,2.78,40.84,35.91,OOR,0.01,OOR,44.23,177.92,OOR <,35.31,6.84,87.5,419.98,139.47,OOR <,8.04,23.12,1465.28,OOR <,5.12,443.68
S72,Post,Serum,JR_72,CHO+F,3,34.83,4.02,OOR,OOR,5688.31,6.58,1.22,64.52,45.12,OOR,0.09,1.43,67.97,196.91,OOR <,38.02,14.36,82.38,132.34,177.53,OOR <,4,24.71,1196,OOR <,3.34,344.06
9,Pre,Serum,JR_9,HFS,5,51.45,4.8,OOR,83.77,11569.72,9.68,2.15,44,58.8,OOR,56.82,4.39,45.02,157.04,OOR <,39.58,9.15,313.83,554.88,199,OOR <,40.83,44.57,2386.08,OOR <,7.72,765.33
27,Pre,Serum,JR_27,HFS,5,32.3,5.5,OOR,12.21,7084.25,8.8,2.46,234.9,50.69,OOR,35.85,OOR,149.21,130.52,OOR <,34.19,9.33,228.79,252.45,258.34,OOR <,22.3,47.44,1341.78,OOR <,4.68,528.11
30,Pre,Serum,JR_30,HFS,5,45.3,7.4,OOR,75.17,8340.69,9.28,5.29,183.39,74.62,371.72,124.76,7.34,140.53,214.77,OOR <,53.73,10.92,282.17,618.55,235.05,OOR <,30.8,46.52,1573.09,OOR <,14.94,479.84
31,Pre,Serum,JR_31,HFS,5,35.82,6.72,OOR,87.13,11273.92,14.9,6.73,33.36,63.83,230.09,78.17,15.77,37.2,236.62,OOR <,48.6,14.16,256.84,710.07,245.52,OOR <,22.13,42.27,2223.52,OOR <,12.45,1322.09
34,Pre,Serum,JR_34,HFS,5,39.59,4.52,OOR,35.03,5844.71,18.43,2.62,83.57,46.97,57.57,97.7,2.91,80.52,185.8,OOR <,44.96,3.61,234.22,690.39,243.88,OOR <,18.81,46.41,1940.49,OOR <,15.63,1338.27
35,Pre,Serum,JR_35,HFS,5,56.13,8.34,OOR,116.36,4343.63,15.67,8.32,73.1,51.31,198.69,125.55,13.77,72.35,182.65,OOR <,42.57,23.6,305.69,991.03,246.18,OOR <,26.19,44.34,2535.97,OOR <,15.63,3758.78
36,Pre,Serum,JR_36,HFS,5,49.03,4.98,OOR,58.7,3272.51,20.38,3.1,70.37,40.81,41.89,40.33,5.37,71.42,158.68,OOR <,44.01,11.84,217.93,685.95,225.4,OOR <,16.69,36.76,2277.14,OOR <,8.14,2739.27
37,Pre,Serum,JR_37,HFS,5,36.78,5.66,OOR,65.28,6091.47,14.16,5.73,264.69,45.12,OOR,30.99,6.36,165.03,188.96,OOR <,44.01,11.47,256.84,568.11,309.94,OOR <,28.02,42.05,2372.31,OOR <,10.75,1629.46
42,Pre,Serum,JR_42,HFS,5,15.53,3.09,OOR,OOR,3048.56,5.21,0.6,47.24,37.75,OOR,42.63,0.69,34.53,145.18,OOR <,31.86,5.59,101.87,334.11,168.99,OOR <,7.96,23.12,979.07,OOR <,8.14,293.27
43,Pre,Serum,JR_43,HFS,5,33.33,2.52,OOR,30.58,4176.11,7.78,OOR,40.61,32.25,OOR,50.52,1.92,45.8,182.65,OOR <,38.8,8.98,168.91,477.98,164.55,OOR <,7.74,21.75,2432.39,OOR <,9.97,451.16
49,Pre,Serum,JR_49,HFS,5,47.39,5.66,OOR,52.85,5735.84,17.54,4.88,28.88,61.94,88.91,56.44,5.37,25.74,166.79,OOR <,49.04,13.76,290.31,784.58,168.51,OOR <,20.5,39.75,2371.45,OOR <,15.46,805.08
50,Pre,Serum,JR_50,HFS,5,43.15,5.07,OOR,154.01,5508.22,12.46,5.97,26.53,35.3,OOR,119.53,6.6,32.21,153.71,OOR <,45.89,10.2,183.53,560.21,257.43,OOR <,14.69,34.8,2868.23,OOR <,6.22,1268.46
S9,Post,Serum,JR_9,HFS,5,34.83,3.09,OOR,5.25,39814.22,7.37,1.84,81.26,48.83,167.31,0.05,1.43,69.54,161.95,OOR <,31.86,7.81,123.55,456.19,170.02,OOR <,27.49,29.59,810.5,OOR <,7.72,398.21
S27,Post,Serum,JR_27,HFS,5,27.35,9.26,OOR,52.85,47002.67,13.09,5.73,413.5,102.43,104.59,0.71,5.37,300.14,193.72,OOR <,52.9,18.79,287.6,642.48,304.39,OOR <,43.16,54.9,2311.35,OOR <,15.12,1247.51
s30,Post,Serum,JR_30,HFS,5,18,2.52,OOR,OOR,8874.8,7.11,3.43,36.43,47.59,OOR,0.54,1.43,54.99,173.17,OOR <,32.46,7.48,223.36,391.87,124.81,OOR <,29.44,36.3,217.18,OOR <,11.7,222.38
S31,Post,Serum,JR_31,HFS,5,42.28,4.8,OOR,OOR,73013.65,10.64,2.15,32.04,45.12,OOR,0.21,3.65,42.64,148.63,OOR <,43.54,20.81,153.07,817.77,223.12,OOR <,29.17,41.36,2226.68,OOR <,10.94,2023.93
S34,Post,Serum,JR_34,HFS,5,20.26,3.34,OOR,OOR,19786.35,6.46,4.13,380.84,66.99,135.94,OOR <,OOR,227.06,185.8,OOR <,37.75,9.85,83.68,490.04,179.75,OOR <,10.63,29.47,1022.14,OOR <,8.96,522.67
S35,Post,Serum,JR_35,HFS,5,64.74,9.26,OOR,OOR,38900.36,12,33.76,124.06,70.16,88.91,0.69,9.81,93,240.06,OOR <,54.14,28.59,203.46,810.06,209.36,OOR <,26.62,38.14,2076.17,OOR <,18.29,3651.5
S36,Post,Serum,JR_36,HFS,5,59.17,11.07,OOR,43.65,26791.77,12.94,9.63,294.69,65.1,214.38,1.01,13.77,208.76,203.34,OOR <,41.59,18.34,159.64,608.76,273.91,OOR <,26.79,40.9,2435.11,OOR <,14.6,2749.02
S37,Post,Serum,JR_37,HFS,5,54.98,8.69,OOR,68.93,35630.35,10.44,45.75,278.44,76.53,481.83,1.96,13.28,239.01,268.27,OOR <,49.48,33.03,229.7,848.01,254.77,OOR <,29.71,52.37,1830.41,OOR <,23.09,1054.66
S42,Post,Serum,JR_42,HFS,5,30.17,4.23,OOR,12.21,16941.09,8.3,5.08,77.55,70.16,104.59,0.49,2.91,67.33,174.75,OOR <,48.6,12.79,166.15,361.99,180.54,OOR <,17.24,35.49,1296.05,OOR <,12.08,383.43
S43,Post,Serum,JR_43,HFS,5,41.83,4.23,OOR,OOR,22777.89,5.53,1.68,38.18,29.81,292.97,OOR <,1.18,46.57,174.75,OOR <,36.95,8.14,34.06,369.64,202.78,OOR <,OOR,17.95,2065.04,OOR <,8.96,363.09
S49,Post,Serum,JR_49,HFS,5,43.15,4.33,OOR,18.01,27759.33,7.69,5.29,28.42,66.99,OOR,0.11,3.89,31.26,228.12,OOR <,49.48,20.81,150.22,640.12,130.34,OOR <,10.85,26.75,1807.16,OOR <,17.31,487.46
S50,Post,Serum,JR_50,HFS,5,50.25,7.66,OOR,20.32,38771.62,10.35,6.46,50.07,101.78,261.51,1.06,14.27,45.41,246.99,OOR <,60.07,34.41,206.17,804.24,218.04,OOR <,21.88,35.61,2311.83,OOR <,22.94,635.28
1,Pre,Serum,JR_1,HFS+E,6,55.75,7.79,OOR,94.51,13077.79,21.79,21.55,267.31,76.53,292.97,142.49,11.29,191.05,243.51,25.62,59.3,18.79,362.7,800.34,309.7,OOR <,55.79,88.98,2989.01,OOR <,12.45,2192.42
2,Pre,Serum,JR_2,HFS+E,6,55.36,6.43,OOR,65.28,9447.74,15.36,2.78,97.15,59.43,183,45.49,13.03,88.13,224.75,4.71,57.94,11.1,349.12,1696.11,295.85,OOR <,38.84,62.12,2862.43,OOR <,16.48,2753.06
5,Pre,Serum,JR_5,HFS+E,6,32.82,3.8,OOR,27.19,7648.84,12.42,1.53,36.43,46.36,OOR,33,1.43,50.69,169.99,OOR <,39.58,8.14,151.17,361.99,188.15,OOR <,26.36,44.57,1704.14,OOR <,7.3,761.48
6,Pre,Serum,JR_6,HFS+E,6,62.53,OOR <,OOR,1205.93,13938.65,17.74,OOR,25.07,7.36,120.27,561.26,5.13,31.74,139.86,159.49,31.26,10.2,278.55,733.51,250.54,OOR <,39.73,46.87,4510.22,OOR <,1.77,6270.45
11,Pre,Serum,JR_11,HFS+E,6,52.64,4.71,OOR,57.74,11836.73,13.21,0.6,28.42,45.12,OOR,124.46,2.91,34.98,19.19,OOR <,44.25,8.31,208.88,661.08,234.39,OOR <,31.07,42.27,2570.66,OOR <,10.94,872.45
14,Pre,Serum,JR_14,HFS+E,6,48.22,7.33,OOR,56.77,17809.08,10.5,6.46,33.8,60.69,230.09,111.18,2.42,41.83,185.8,OOR <,49.91,20.13,238.74,581.08,223.68,OOR <,22.21,36.88,2099.65,OOR <,11.51,1190.16
18,Pre,Serum,JR_18,HFS+E,6,35.33,2.95,OOR,56.77,18313.69,12.48,OOR,435.38,72.71,41.89,104.23,2.42,293.21,168.39,OOR <,28.45,6.68,359.98,446.57,430.16,OOR <,25.33,38.95,2415.86,OOR <,2.66,1064.46
19,Pre,Serum,JR_19,HFS+E,6,39.13,5.07,OOR,126.05,19409.15,18.51,0.45,27.72,38.97,120.27,106.78,6.6,40.18,143.42,OOR <,49.7,16.62,208.88,568.11,271.91,OOR <,22.13,35.38,3559.93,OOR <,11.13,1350.37
22,Pre,Serum,JR_22,HFS+E,6,45.72,4.52,OOR,70.73,15815.96,9.23,1.53,28.42,52.56,OOR,118.75,4.39,28.8,146.91,OOR <,46.35,10.38,164.3,679.24,231.33,OOR <,16.07,26.63,1993.65,OOR <,13,1304.46
23,Pre,Serum,JR_23,HFS+E,6,23.68,0.8,OOR,OOR,6258.47,7.37,1.68,70.37,67.62,73.24,8.32,0.94,63.46,27.44,OOR <,31.86,7.65,256.84,308.69,205.91,OOR <,17.94,42.73,754.48,OOR <,5.12,465.6
26,Pre,Serum,JR_26,HFS+E,6,19.53,2.52,OOR,14.53,2807.78,6.4,4.49,36.86,36.52,10.54,14.24,0.44,36.76,203.34,OOR <,20.53,8.14,92.44,402.61,151.12,OOR <,5.1,22.85,1190.01,OOR <,7.72,502.22
41,Pre,Serum,JR_41,HFS+E,6,30.71,3.34,OOR,9.89,5558.91,11.61,4.49,30.25,31.64,OOR,152.02,1.92,33.15,152.03,OOR <,40.84,7.16,180.8,601.32,186.03,OOR <,11.82,31.03,1357.16,OOR <,12.08,526.31
S1,Post,Serum,JR_1,HFS+E,6,40.04,8.03,OOR,64.35,45706.08,13.5,9.63,436.94,70.8,292.97,0.79,9.81,273.92,182.65,OOR <,44.49,14.96,218.84,596.31,276.05,OOR <,27.4,48.13,2136.42,OOR <,10.75,1526.01
S2,Post,Serum,JR_2,HFS+E,6,64.01,6.28,OOR,30.58,28299.87,12.88,2.78,390.91,56.92,57.57,0.55,9.32,305.44,157.04,OOR <,36.41,12.41,213.41,346.27,351.07,OOR <,34.88,49.85,2494.05,OOR <,3.11,3685.32
S5,Post,Serum,JR_5,HFS+E,6,OOR,OOR <,OOR,OOR,10439.48,OOR <,OOR,3.97,11,OOR,OOR <,OOR,4.57,19.19,OOR <,19.7,0.94,15,101.13,110.26,OOR <,13.17,25.48,236.14,OOR <,OOR,96.75
S6,Post,Serum,JR_6,HFS+E,6,44.02,4.43,OOR,16.85,21136.59,8.17,3.43,24.32,37.75,OOR,OOR <,2.42,16.37,176.34,OOR <,36.95,13.76,88.75,436.76,154.97,OOR <,11.67,26.12,1494.18,OOR <,9.37,733.36
S11,Post,Serum,JR_11,HFS+E,6,54.59,4.12,OOR,13.37,16520.54,9.97,2.94,26.53,67.62,OOR,0.54,2.17,34.53,15.95,OOR <,48.6,16.83,169.83,606.29,204.99,OOR <,20.09,46.18,2027.62,OOR <,8.96,537.64
S14,Post,Serum,JR_14,HFS+E,6,12.85,0.25,OOR,OOR,19179.42,4.57,1.84,13.64,23.73,OOR,OOR <,OOR,9.1,165.18,OOR <,33.33,7,87.5,209.58,124.36,OOR <,9,24.58,869.25,OOR <,2.22,368.83
S18,Post,Serum,JR_18,HFS+E,6,20.98,OOR <,OOR,OOR,12144.88,7.17,1.22,148.85,98.51,OOR,OOR <,OOR,110.74,128.56,OOR <,36.68,4.82,273.12,38.68,237.67,OOR <,14.69,34.21,700.79,OOR <,OOR,326.37
S19,Post,Serum,JR_19,HFS+E,6,OOR,OOR <,OOR,OOR,18452.9,4.12,OOR,3.13,20.7,OOR,OOR <,OOR,6.3,124.54,OOR <,30.96,4.21,32.88,325.8,127.14,OOR <,OOR,13.79,634.02,OOR <,3.34,247.25
S22,Post,Serum,JR_22,HFS+E,6,OOR,OOR <,OOR,OOR,6313.61,1.16,OOR,2.04,23.12,OOR,OOR <,OOR,0.38,94.29,OOR <,16.59,2.42,16.33,290.82,67.56,OOR <,OOR,4.97,198.69,OOR <,5.56,183.25
S23,Post,Serum,JR_23,HFS+E,6,41.39,4.02,OOR,44.7,34082.44,9.26,8.72,234.23,72.07,OOR,0.68,OOR,159.73,243.51,OOR <,44.25,10.56,225.17,342.26,324.02,OOR <,31.43,48.36,1649.14,OOR <,3.34,860.73
S26,Post,Serum,JR_26,HFS+E,6,23.68,5.5,OOR,0.65,26539.21,5.46,4.88,146.03,24.94,OOR,0.95,OOR,116.35,219.74,OOR <,26.46,13.37,28.81,504.76,262.08,OOR <,OOR,12.09,1360.92,OOR <,11.32,698.62
S41,Post,Serum,JR_41,HFS+E,6,28.5,2.37,OOR,OOR,13207.63,7.11,2.62,36.64,45.74,OOR,0.22,OOR,45.41,176.34,OOR <,35.31,9.5,119.38,423.38,119.46,OOR <,11.67,30.44,833.1,OOR <,10.17,451.95
3,Pre,Serum,JR_3,HFS+E+F,8,61.42,7.06,OOR,58.7,7438.6,10.28,4.49,130.96,84.88,10.54,35.42,8.33,100.08,218.08,OOR <,59.3,19.68,390.76,842.41,247.4,OOR <,36.22,45.6,2220.48,OOR <,15.8,739.47
7,Pre,Serum,JR_7,HFS+E+F,8,44.02,4.43,OOR,180.29,20396.59,15.7,2.46,41.06,50.07,OOR,206.66,7.84,46.18,136.2,OOR,36.95,9.67,192.59,603.81,293.19,OOR <,30.43,42.5,3068.53,OOR <,10.56,2586.4
13,Pre,Serum,JR_13,HFS+E+F,8,49.44,6.58,OOR,30.58,19673.93,8.12,0.14,147.09,72.71,OOR,31.9,8.33,114.66,195.31,OOR <,45.42,14.56,255.93,495.97,255.16,OOR <,23.04,33.28,1860.93,OOR <,12.81,539.49
21,Pre,Serum,JR_21,HFS+E+F,8,59.93,7.66,OOR,91.25,22968.29,10.7,3.77,34.02,46.36,41.89,62.45,9.81,38.92,173.17,OOR <,40.84,11.47,165.22,581.08,248.86,OOR <,18.89,28.98,2469.52,OOR <,7.51,1476.72
25,Pre,Serum,JR_25,HFS+E+F,8,34.83,6.65,OOR,61.55,6896.07,14.53,4.88,120.99,55.67,41.89,55.02,OOR,97.26,136.2,OOR <,54.55,14.96,267.7,519.11,266.13,OOR <,23.71,39.06,2107.82,OOR <,11.32,1073.1
39,Pre,Serum,JR_39,HFS+E+F,8,20.26,4.23,OOR,6.41,3300.55,8.3,1.53,19.67,35.3,OOR,23.47,0.94,13.99,146.91,OOR <,31.56,8.64,103.01,530.34,172.68,OOR <,12.87,30.2,1704.55,OOR <,6,480.47
40,Pre,Serum,JR_40,HFS+E+F,8,29.62,3.58,OOR,OOR,2631.48,6.97,1.22,2.23,42.66,OOR,5.33,0.69,5.32,111.22,OOR <,33.91,7.65,125.61,521.94,120.82,OOR <,9.29,30.44,1174.62,OOR <,8.96,371.2
44,Pre,Serum,JR_44,HFS+E+F,8,23.03,4.02,OOR,2.95,1566.8,10.81,1.68,20.84,42.66,OOR,33.62,3.4,13.07,145.18,OOR <,32.16,6.36,219.74,453,178.19,OOR <,11.75,32.34,1968.4,OOR <,7.93,473.88
45,Pre,Serum,JR_45,HFS+E+F,8,20.98,2.82,OOR,2.95,2847.22,7.11,1.07,56.38,37.75,OOR,23.76,OOR,41.83,150.34,OOR <,34.19,7.16,255.03,535.88,157.32,OOR <,10.18,29.47,1032.29,OOR <,8.35,262.44
46,Pre,Serum,JR_46,HFS+E+F,8,37.73,5.16,OOR,18.01,6765.31,10.89,7.01,23.03,68.89,OOR,54.5,2.42,27.78,160.32,OOR <,46.57,11.84,289.41,484.04,135.24,OOR <,15.84,31.39,1546.09,OOR <,14.94,495.41
47,Pre,Serum,JR_47,HFS+E+F,8,47.39,7.27,OOR,65.28,3661.58,12.06,2.3,32.92,60.69,292.97,82.59,4.88,39.34,169.99,OOR <,44.01,20.58,217.03,554.88,205.85,OOR <,30.71,49.16,1853.81,OOR <,13,589.04
48,Pre,Serum,JR_48,HFS+E+F,8,53.81,7.2,OOR,114.84,5257.08,21.63,4.68,40.84,52.56,OOR,149.3,9.81,49.21,192.13,0.86,52.27,14.96,219.74,911.28,239.72,OOR <,32.63,58.91,2703.15,OOR <,18.93,1577.71
S3,Post,Serum,JR_3,HFS+E+F,8,66.57,4.8,OOR,29.45,17072.12,10.06,3.6,110.94,58.8,OOR,0.47,6.36,105.98,218.08,OOR <,20.53,14.16,185.35,815.85,255.3,OOR <,33.19,44.8,2127.51,OOR <,13.89,836.34
S7,Post,Serum,JR_7,HFS+E+F,8,37.73,4.9,OOR,19.17,27540.29,9.3,4.88,26.77,31.03,OOR,0.08,3.4,48.84,27.44,OOR <,34.47,5.89,86.24,533.12,276.11,OOR <,3.12,25.23,1839.18,OOR <,13.18,1042.44
S13,Post,Serum,JR_13,HFS+E+F,8,37.73,5.5,OOR,23.77,25445.58,8.75,2.46,163.61,48.83,135.94,0.24,3.4,129.64,179.5,OOR <,37.75,11.84,189.88,498.92,270.57,OOR <,19.77,42.5,1598.18,OOR <,8.55,684.65
S21,Post,Serum,JR_21,HFS+E+F,8,23.68,4.02,OOR,OOR,20787.96,3.73,OOR,20.84,24.34,OOR,OOR <,0.2,16.01,120.33,OOR <,34.19,7.97,12.59,290.82,139.58,OOR <,OOR,13.61,549.29,OOR <,8.55,343.74
S25,Post,Serum,JR_25,HFS+E+F,8,15.53,3.8,OOR,OOR,15432.28,5.17,0.29,32.92,35.3,OOR,OOR <,0.44,40.6,158.68,OOR <,36.41,9.33,94.85,295.36,199.61,OOR <,2.9,25.74,878.27,OOR <,2.66,466.14
S39,Post,Serum,JR_39,HFS+E+F,8,44.87,7.59,OOR,19.17,17814.93,11.23,1.84,15.68,55.67,73.24,0.37,3.4,17.11,124.54,OOR <,36.14,10.03,121.48,630.61,154.45,OOR <,16.54,37.45,1908.9,OOR <,11.7,771.02
S40,Post,Serum,JR_40,HFS+E+F,8,37.73,5.5,OOR,12.21,11636.88,6.97,6.21,23.81,53.8,198.69,0.58,6.11,18.69,204.96,OOR <,52.06,12.22,148.31,588.74,120.14,OOR <,16.07,36.65,964.36,OOR <,14.6,243.67
S44,Post,Serum,JR_44,HFS+E+F,8,26.17,4.02,OOR,5.25,10102.7,7.83,1.84,18.44,31.03,OOR,OOR <,OOR,8.86,157.04,OOR <,43.54,11.47,98.4,402.61,141.17,OOR <,11.52,32.1,1886.77,OOR <,2.44,368.04
S45,Post,Serum,JR_45,HFS+E+F,8,44.87,4.02,OOR,OOR,13068.59,8.35,0.29,56.63,65.1,26.21,0.7,0.69,57.43,192.13,OOR <,35.87,18.13,134.68,586.2,167.44,OOR <,15.53,38.14,1280.7,OOR <,10.94,376.38
S46,Post,Serum,JR_46,HFS+E+F,8,23.03,OOR <,OOR,OOR,5050.92,8.53,1.53,14.08,65.73,OOR,0.41,0.94,2.19,145.18,OOR <,35.31,9.33,104.14,456.19,64.23,OOR <,15.07,28.86,1186.39,OOR <,12.26,360.67
S47,Post,Serum,JR_47,HFS+E+F,8,14.66,OOR <,OOR,2.95,1847.33,3.28,1.37,3.67,30.42,198.69,OOR <,1.92,0.56,134.34,OOR <,30.65,6.68,18.24,338.2,37.48,OOR <,OOR,17.33,130.03,OOR <,6.44,65.97
S48,Post,Serum,JR_48,HFS+E+F,8,31.25,2.95,OOR,OOR,17536.26,5.43,1.53,21.96,49.45,OOR,0.03,OOR,13.07,182.65,OOR <,41.34,7.81,117.27,384.58,126.32,OOR <,10.18,28.49,848.87,OOR <,8.76,289.06
4,Pre,Serum,JR_4,HFS+F,7,52.24,3.69,OOR,105.62,10062.94,18.58,3.1,358.41,60.06,120.27,159.79,1.92,241.53,139.86,0.86,37.49,14.36,483.17,817.77,377.31,OOR <,54.35,76.69,2916.61,OOR <,6.87,1997.81
8,Pre,Serum,JR_8,HFS+F,7,56.13,2.52,OOR,786.08,12485.45,25.94,3.27,42.64,6.76,OOR,547.03,OOR,41.01,136.2,6.82,24.71,8.64,680.55,625.81,322.13,OOR <,53.13,63.39,3498.28,OOR <,4.01,5244.29
10,Pre,Serum,JR_10,HFS+F,7,40.04,3.8,OOR,37.22,14842.22,5.84,2.46,125.43,79.74,OOR,20.2,1.43,104.3,126.57,OOR <,40.09,8.31,231.51,544.09,226.07,OOR <,12.8,38.03,1516.64,OOR <,11.51,488.82
12,Pre,Serum,JR_12,HFS+F,7,36.78,2.82,OOR,96.93,12841.22,13.63,1.07,29.57,21.91,OOR,153.37,0.69,31.26,103.45,10.11,41.09,5.43,198.93,613.67,246.39,OOR <,32.82,56.04,2617.17,OOR <,7.72,716.37
16,Pre,Serum,JR_16,HFS+F,7,OOR,OOR <,OOR,OOR,4769.53,3.09,0.91,9.77,9.79,OOR,38.58,OOR,5.71,13.96,OOR <,21.33,1.83,81.07,220.8,113.71,OOR <,1,28.37,110.1,OOR <,0.42,101.21
20,Pre,Serum,JR_20,HFS+F,7,55.36,2.03,OOR,129.72,10935.19,12.82,3.43,32.26,45.12,167.31,126.17,8.82,52.87,188.96,OOR <,47.26,12.6,183.53,516.27,233.25,OOR <,20.74,37.91,3241.64,OOR <,13.54,1318.47
24,Pre,Serum,JR_24,HFS+F,7,50.65,5.66,OOR,50.85,4501.33,17.12,6.21,203.59,73.98,OOR,177.19,OOR,120.85,173.17,OOR <,49.26,16.2,324.69,790.52,252.72,OOR <,27.4,48.13,1467.88,OOR <,12.81,969.4
28,Pre,Serum,JR_28,HFS+F,7,21.68,3.34,OOR,26.06,11244.64,15.23,1.22,69.83,50.69,OOR,76.18,OOR,65.08,165.18,OOR <,34.19,6.21,229.7,513.41,272.06,OOR <,25.75,42.27,2189.86,OOR <,5.12,1300.39
29,Pre,Serum,JR_29,HFS+F,7,38.2,4.23,OOR,37.22,6047.61,11.71,2.94,59.89,73.98,OOR,78.29,1.18,48.84,174.75,OOR <,37.22,4.82,319.26,453,250.29,OOR <,33.19,46.29,1899.11,OOR <,7.3,642.72
32,Pre,Serum,JR_32,HFS+F,7,33.83,4.71,OOR,30.58,9312.05,15.47,1.07,28.88,48.83,OOR,16.21,3.16,36.76,160.32,OOR <,46.12,9.67,229.7,699.19,275.95,OOR <,29.08,40.9,1902.12,OOR <,8.96,1049.48
33,Pre,Serum,JR_33,HFS+F,7,32.82,4.71,OOR,57.74,9468.02,18.12,4.68,29.79,53.8,OOR,56.44,0.94,35.88,173.17,OOR <,50.35,13.37,277.65,416.55,247.23,OOR <,23.88,42.85,1809.15,OOR <,6.44,1110.92
38,Pre,Serum,JR_38,HFS+F,7,39.59,5.07,OOR,61.55,3917.05,19.17,2.46,50.07,48.21,OOR,56.1,6.11,41.01,143.42,OOR <,43.78,14.76,382.61,827.32,164.36,OOR <,30.98,55.47,2294.63,OOR <,11.32,1572.57
S4,Post,Serum,JR_4,HFS+F,7,62.9,8.87,OOR,62.49,20725.42,19.02,34.97,315.99,110.32,245.8,1.73,14.27,244.07,223.08,OOR <,64.89,27.64,285.79,1739.36,295.79,OOR <,38.16,56.5,2253.24,OOR <,20.19,1190.62
S8,Post,Serum,JR_8,HFS+F,7,OOR,OOR <,OOR,OOR,9129.96,7.61,1.37,15.3,33.47,OOR,0.11,OOR,5.71,111.22,OOR <,22.5,3.02,100.72,160.35,120.35,OOR <,19.93,40.09,522.5,OOR <,OOR,320.33
S10,Post,Serum,JR_10,HFS+F,7,36.3,1.13,OOR,16.85,56805.09,9.33,OOR,82.41,25.55,26.21,OOR <,OOR,81.7,86.69,OOR <,16.11,6.05,91.22,334.11,232.3,OOR <,28.46,42.85,1902.44,OOR <,1.32,555.68
S12,Post,Serum,JR_12,HFS+F,7,19.53,1.63,OOR,OOR,26703.78,8.17,1.53,13.64,12.21,OOR,OOR <,1.43,8.86,150.34,OOR <,31.26,5.28,111.9,507.66,209.49,OOR <,22.46,32.34,1655.7,OOR <,3.79,408.48
S16,Post,Serum,JR_16,HFS+F,7,44.45,4.98,OOR,16.85,5462.99,13.63,3.1,3.97,39.59,OOR,0.39,2.17,1.47,160.32,OOR <,36.41,17.47,123.55,468.75,94.47,OOR <,19.77,46.87,1757.01,OOR <,11.32,920.04
S20,Post,Serum,JR_20,HFS+F,7,10.95,OOR <,OOR,26.06,30308.75,5.24,2.46,24.82,24.34,OOR,OOR <,0.2,26.25,130.52,OOR <,29.41,9.33,24.79,616.12,201.94,OOR <,3.85,21.19,1539.42,OOR <,10.56,512.47
S24,Post,Serum,JR_24,HFS+F,7,50.65,7.53,OOR,39.39,24007.54,10.85,22.86,161.86,99.82,387.47,0.73,8.82,154.45,221.41,OOR <,40.34,12.03,295.74,620.98,267.44,OOR <,19.85,39.4,1210.82,OOR <,16.14,767.51
S28,Post,Serum,JR_28,HFS+F,7,OOR,2.67,OOR,OOR,19537.1,6.82,0.45,37.3,63.2,OOR,OOR <,OOR,44.23,139.86,OOR <,25.77,3.61,192.59,373.42,176.23,OOR <,20.42,30.2,848.43,OOR <,6.22,270.21
S29,Post,Serum,JR_29,HFS+F,7,19.53,0.8,OOR,OOR,18116.92,11.69,1.84,47.71,254.11,OOR,0,OOR,43.84,141.65,OOR <,35.59,5.74,792.27,449.8,183.73,OOR <,58.25,60.06,598.62,OOR <,6,256.99
S32,Post,Serum,JR_32,HFS+F,7,40.49,7.46,OOR,49.85,55177.84,11.94,6.21,35.77,90.05,120.27,0.94,6.85,40.6,245.25,OOR <,44.96,10.74,209.79,575.92,256.53,OOR <,28.02,46.41,1522.4,OOR <,13.54,859.41
S33,Post,Serum,JR_33,HFS+F,7,44.02,7.27,OOR,7.57,48234,10.5,4.13,35.11,65.1,120.27,0.62,2.17,26.76,193.72,OOR <,46.35,14.56,155.9,474.92,160.53,OOR <,20.9,39.52,1136.6,OOR <,9.77,177.75
S38,Post,Serum,JR_38,HFS+F,7,2.82,1.4,OOR,OOR,8897.72,7.72,2.46,34.02,50.69,OOR,1.43,OOR,56.04,146.91,OOR <,34.76,12.22,199.84,565.49,128.71,OOR <,28.91,41.82,548.21,OOR <,12.81,363.89
15,Pre,Serum,JR_15,,,40.49,OOR <,OOR,32.81,12006.22,9.74,1.84,32.7,30.42,OOR,19.71,0.94,16.37,81.98,OOR <,30.34,2.57,184.44,430.12,238.44,OOR <,8.85,28.74,1879.49,OOR <,3.34,622.51
17,Pre,Serum,JR_17,,,36.78,3.58,OOR,37.22,13316.94,12.62,2.78,344.44,47.59,OOR,58.39,4.39,223.31,166.79,OOR <,45.89,8.98,192.59,465.64,308.1,OOR <,20.98,46.29,1815.87,OOR <,7.3,1147.63
57,Pre,Serum,JR_57,,,44.45,3.09,OOR,32.81,5144.49,9.49,3.43,36.86,76.53,OOR,177.89,0.44,41.01,139.86,OOR <,41.84,13.76,486.8,477.98,170.45,OOR <,19.69,29.35,1560.36,OOR <,9.57,497.85
