SampleID,Sample_Name,10-HYDROXYDECANOATE,3-[2-HYDROXYPHENYL]PROPANOATE,3-HYDROXY-3-METHYLGLUTARATE,3-HYDROXYBUTANOIC ACID,3-HYDROXYPHENYLACETATE,4-METHYL-2-OXO-PENTANOIC ACID,4-METHYLCATECHOL,5-OXO-D-PROLINE,6-CARBOXYHEXANOATE,6-DEOXY-L-GALACTOSE,ACETOACETATE,ALLANTOIN,GLUCOSE,ASCORBATE,BENZYL ALCOHOL,CHOLATE,CITRULLINE,CORTICOSTERONE,CORTISOL,CORTISONE,CREATINE,CREATININE,DEOXYCHOLATE,D-GULONIC ACID GAMA-LACTONE,D-SORBITOL,GLUTARATE,GLYCOCHOLATE,GUANOSINE,HIPPURATE,HOMOGENTISATE,HOMOVANILLATE,HYPOXANTHINE,INOSINE,ITACONATE,L-ARGININE,LEUCINE,L-GLUTAMIC ACID,L-GLUTAMINE,L-LYSINE,L-ORNITHINE,L-PROLINE,L-SERINE,L-THREONINE,L-TRYPTOPHAN,L-TYROSINE,L-VALINE,MANNITOL,N6-[DELTA2-ISOPENTENYL]-ADENINE,OLEATE,OMEGA-HYDROXYDODECANOIC ACID,PALMITATE,PHENYLACETALDEHYDE,SUCCINATE,TAURINE,THEOBROMINE,URATE,URIDINE
Li32124_S1,OA01A,164070.64,128711.32,5096677,473008.09,35148.84,730604.94,45889.64,798346.69,19479.79,1992.89,25424.86,77315.37,26724974,2822889.75,77527.87,110441.48,110739.24,13208.96,21846.5,9092.74,16834.84,29127.76,394518.34,5049.95,44169.68,6708.18,8259.71,52605.29,367552.28,6510.04,31486.26,412245.22,765763.69,9882.58,751941.25,33567.16,31963.28,716102.5,5349.19,211423.38,3280.65,103881.66,86559.86,136157.55,219599.86,7589.16,12190.32,1715.86,154598.58,142467.92,15980.37,36727.07,151375.3,764632.31,8788482,28260202,637376.69
Li32127_S4,OA04A,75690.62,34887.61,5460025,418689.59,60618.03,703144.75,54512.48,977576.31,30032.66,1841.11,23695.01,210202.05,27933056,1182812.75,65295.39,62601.53,85568.91,3009.29,1691.13,4029.93,10511.82,36072.78,614432,1247.96,88343.12,15392.08,38280.38,32800.58,3257968.75,15445.25,10832.69,165410.59,412649.84,21366.81,745914.06,33547.44,18304.87,884519.94,6102.14,212974.3,4755.89,75499.3,90635.6,154185.75,317623.66,7587.38,33422.89,4349.14,22057.8,51685.2,3351.2,10242.88,134342.7,660250.44,8905035,31176192,643328.62
Li32130_S7,OA05A,157118.8,24543.45,4714461.5,1221038.12,32706.88,654589.94,226176.64,1285883.38,41941.31,7490.61,129777.79,156847.47,24744090,1279209.38,138332.33,79666.9,83159.8,9447.69,21640.63,6377.94,8455.2,33984.43,705034.44,14780.73,90973.81,33526.5,100480.97,45036.5,1645816,22281.93,9261.51,611830.12,367498.28,4411.98,648442.25,36115.23,77830.48,856492.44,6212.08,175887.5,2969.35,89018.76,93942.48,141788.94,362626.59,8583.81,26416.77,5992.21,143875.25,98140.6,23801.28,8743.93,175972.94,1288754.12,8251320,27905248,374063
Li32133_S10,OA06A,111797.62,74578.55,4422024,700213.44,23437.36,443369.66,14547.78,745938.56,31081.23,1175.94,64140.99,200237.8,23531782,128623.13,43826.91,77001.53,99253.59,7179.36,4146.87,4427.81,11071.71,21820.4,279060.97,1366.64,33181.67,17675.45,6326.34,80002.38,680103.25,7233,32161.6,530910.12,1041123,3353.45,596787.19,29933.95,43186.21,754185.81,4003.67,183303.12,3852.5,76577.99,63617.81,91092.84,238437.7,5515.44,13413.96,2523.19,184758.8,84486.41,19609.88,11222.13,161724.17,1115311.12,15964223,25909466,433033.75
Li32136_S13,OA08A,137169.11,291073.91,4502349,731950,846359.31,775915.06,46475.04,1093207.88,82452.05,2373.68,59762,258225.17,24010522,672787.94,25960.16,72901.92,59424.46,6406.28,5003.97,2993.47,13642.1,34087.7,110665.5,3413.05,76571.81,8326.73,9688.94,33453.69,4892416,49039.53,102905.06,446488,431782.47,29712.95,556214.06,46299.72,40403.43,622645.56,5829.2,170853.69,4719.74,69823.31,103451.4,165005.69,359786.41,9882.61,37361.22,4729.23,139396.59,65048.37,18863.41,75009.68,182214.12,879767.5,7304372,27872648,235771.67
Li32139_S16,OA09A,179389.48,105686.3,5343325.5,2609441.25,277068.19,914055.5,59786.25,733180.69,36602.68,2641.68,257270.69,207733.7,28611802,226012.08,110290.73,193338.95,44996.02,3530.73,4258.02,3991.2,4246.86,68715.48,140062.41,1108.95,57938.03,24549.58,23357.88,155932.95,977633,19627.92,32334.52,146818.42,1460545,21787.78,556234.31,45900.87,45382.39,725018.06,6064.51,161100.23,3814.55,64480.2,99558.84,78698.87,128190.94,7567.44,26554.9,17918.9,184105.12,89476.27,24494.03,21385.65,191089.05,482972.88,9113574,33548648,502243.25
Li32142_S19,OA10A,170118.48,272768.47,5003907.5,605613.81,395844.09,788290.44,109091.07,899444.19,37275.08,4157.62,68024.66,163523.23,26412282,314812.91,318381.75,81355.26,111378.31,11658.07,9596.85,2509.95,6196.99,38844.89,440969.34,1005.18,687918.19,16793.56,43229.97,101125.52,4653413.5,18089.01,47458.3,187782.7,806998.19,9325.7,665374.12,41217.41,22914.54,780498.94,4933.91,179165.25,3570.68,55313.66,73477.29,123150.71,260043.98,8657.47,333829.91,10915.52,138966.61,83587.19,20972.13,24671.28,159758.02,531199.31,9056882,23453294,377524.28
Li32145_S22,OA12A,186402.33,77940.93,5220403,732088.06,116244.56,796299.31,127645.77,974953.5,72412.49,5639.48,29199.42,215989.3,28136040,1734851.38,307941.66,132474.27,71857.1,19261.38,25527.01,10317.25,19258.57,37158.83,348433.09,93377.88,50939.64,11989.56,22580.35,115518.54,3633229,20963.85,48317.4,466947.22,845939.56,21204.5,595714.31,31510.67,36166.93,693823.06,4659.27,168660.08,3170.81,75546.96,101047.38,104891.91,299115.5,7459.19,29223.33,7127.24,263889.28,158801.14,21946.85,12378.25,144971.52,1334563.88,9269813,35837940,767367
Li32148_S25,OA13A,169356.52,994477.69,4474390,805177.81,24537.62,774204.5,80599.65,781576.81,54879.98,1649.09,110963.59,119528.37,23614288,696972.81,109723.74,38181.97,57702.19,3697.7,12609.99,3215.29,15774.26,25091.1,249529.23,6325.97,63497.88,12515.16,22849.24,79818.21,8904163,23053.06,407671.12,270166.53,772210.44,14823.06,740302.75,47197.14,36495.78,537802.62,4652.97,216943.62,3293.74,66379.44,64240.31,134315.69,277535.34,9724,23751.61,4057.42,127308.52,118418.75,18803.08,76531.19,150654.23,1325583.62,7455667.5,29304278,351658.47
Li32151_S28,OA19A,113814.59,340790.28,4910472,479064.16,29244.62,495204.5,82765.71,1328086.25,73401.65,4847.65,24493.38,167836.17,26226600,1290849,170976,59438.09,109909.32,12171.19,7366,4929.31,6588.89,36728.33,196111.58,57319.12,43315.45,10582.46,19613.34,33026.75,9365597,15203.12,71334.87,194262.94,431444.84,13075.66,457452.34,27764.65,15394.94,694653.06,4903.04,138039.39,3114.4,67441.9,81211.48,128683.18,258866.8,6058.65,18199.7,3604.6,208405.8,70747.09,34454.89,83053.89,153340.2,650392,8570161,32749850,550863.81
Li32154_S31,OA20A,135782.08,34550.45,5646764,467836.09,22612.8,669942.31,79342.24,1297089.12,63790.39,3631.64,33798.25,296475.06,30530850,48482.94,144679.45,140036.33,84726.52,15807.18,12612.65,6234.69,16112.35,32413.75,798979.75,1593.88,157647.17,9608.33,168472.64,44787.34,1980148.88,14554.62,11173.68,801274.56,807589.06,5026.07,603549.75,41405.24,46023.03,722474.69,6439.81,162097.44,2273.77,82053.75,105577.9,113056.68,279926.09,8493.25,75612.06,6337.92,102043.69,131458.17,10303.74,46664.05,172002.73,1577879.5,10123476,32581042,509553.84
Li32157_S34,OA22A,166683.81,3976.4,4271649.5,2102377,139970.23,552877.94,43597.55,627162.06,29356.64,2032.97,257903.02,114325.09,22552544,1242181.12,28011.49,70865.94,68974.8,1224.6,5496.89,3455.81,6657.95,26709.06,267046.38,2996.85,134485.42,8656.4,72094.16,69669.84,833981.25,15977.15,1697.24,210348.75,983918.75,4989.47,459211.72,38207.7,72171.78,622988.5,6560.12,124480.09,2485.02,55726.89,44013.44,101608.85,166784.73,9155.45,66931.62,2268.33,259021.83,135203.39,32304.72,36733.72,145289.48,381415.25,7399212.5,36528304,600259.75
Li32159_S36,OA23A,212617.89,506168.16,4993792,5509141,22848.12,1115536.12,58993.57,857878.75,87663.4,10386.46,468946.38,110870.05,25752480,1067197.5,150988.89,79596.28,84792.47,4557.52,6002.69,0,5912.26,41376.94,290597.5,4398.17,165263.5,26285.88,15313.67,112521.28,4099131.25,8003.53,201683.73,175810.06,1110933.38,41196.03,519443.16,35322.11,40715.39,698113.06,4668.73,157918.33,2157.02,76908.73,65569.25,125970.43,163767.33,8573.86,80500.82,6381.89,202850.31,171159.55,22420.2,46692.64,209430.61,560298.31,17218698,35517212,834319.81
Li32162_S39,OA24A,111458.82,63297.09,4776656.5,425932,28103.29,587227.31,27307,500680.34,96166.99,1721.33,29581.34,84967.28,26395408,786671.06,127880.73,63540.27,75179.56,0,0,3445.2,3624.16,34569.27,146696.09,2928.79,37425.31,36053.8,35788.54,68358.91,1649445.62,9517.22,15765.29,94337.79,621884.44,54592.25,778972.31,35822.76,15225.61,788187.06,4036.67,225329.61,3354.21,64956.32,59075.7,116534.12,290393.34,7277.86,13513.81,1977.05,93741.2,65794.79,9766.34,34106.21,154765.36,423238,8528589,22541258,399055
Li32165_S42,OA25A,116826.4,500146.47,4287712,327557.22,424665.34,734550.94,110697.28,784947.81,34384.23,2748.06,22255.08,172645.7,25013200,1244296,55823.61,146702.03,119659.7,11464.15,10318.28,3070.82,5603.08,25194.87,373043.25,2101.45,206198.19,9578.41,106722.69,85145.21,2493969,25316.42,122926.49,275782.34,1100845.5,7773.95,559370.5,33542.94,26777.74,679149.94,4308.67,182754.12,3885.79,61697.86,102626.35,116486.04,310806.09,7261.17,142922.69,7503.67,126833.04,65613.6,14316.78,38612.08,216864.44,853665.44,8421677,29027442,421318.22
Li32168_S45,OA26A,305057.41,97808.88,4444530,1441982.62,179854.27,700052.69,56113.09,668955.19,55918.64,2445.48,110842.79,112415.12,24000720,306164,225070.92,85926.78,52721.14,213523.8,9606.58,9553.75,12573.04,23044.78,235829.89,1680.49,30219.21,16006.5,40640.76,96903.44,2162956.5,26987.49,13603.58,390976.91,1269804.38,7553.11,535809.31,44468.52,37060.73,584300.69,3170.78,142001.2,3678.9,66933.4,69872.7,105599.02,296258.66,10971.31,11387.87,9800.65,147674.86,142700.89,18367.62,9467.83,193633.39,782089.31,8165432.5,28655238,437691.22
Li32171_S48,OA28A,199319.14,228346.17,4220036.5,1989997,34510.24,1064331.62,83604.59,966710.81,47158.26,1735.66,179222.12,156839.61,22643544,304150.84,204449.8,95421.53,106975.77,10136.79,5438.09,3904.2,26359.07,39419.98,179082.45,1352.86,31585.91,18970.22,3919.31,145601.86,4360898,31027.71,59112.06,177308.31,1226113.62,9340.97,797058.69,60010.53,50905.07,585955.56,8147.89,211200.86,3724.2,64108.77,90512.72,140815.92,359507.59,12260.45,16524.91,5424.31,263856.31,127309.96,29331.89,17273.37,138376.8,757928.31,7426174.5,33652916,382029.5
Li32174_S51,OA29A,146869.42,392242.09,4277216.5,1228143.62,54112.05,571349.56,69824.07,784342.5,31112.61,3659.94,119016.91,103935.51,23131318,1244008.38,112737.32,98197.16,95813.68,681190.5,53746.08,22610.51,19795.93,42881.86,160487.61,3606.13,500034.88,80868.97,14296.43,150248.27,2287480.25,19641.3,61530.2,493169.5,1303567.75,20036.66,728368.75,37168.8,34099.87,624776.19,5634.08,223493.2,2387.86,85289.55,112799.65,110705.1,243236.69,7115.21,202608.33,4249.73,325303.22,95817.27,26358.39,36034.46,222764.89,1007204.44,7784626,18667362,661623.31
Li32177_S54,OA30A,135582.08,178848.39,4732896,804404.19,26419.53,937897.81,133624.98,959304.44,52227.77,3033.18,66287.85,180393.77,25373070,827946.06,117455.93,63555.44,88974.09,13506.69,7732.1,4261.83,4631.29,53204.93,914929.69,1180.02,50008.72,12890.21,33767.7,50900.94,10137256,26916.2,42446.66,279374.66,479946.97,14955.02,592439.19,53631.12,42421.08,767367.75,6274.58,170411.92,4980.62,56328.14,79395.52,126772.09,273369.97,8979.8,25804,8998.91,114368.38,107007.87,14538.98,55495.14,137007.72,556808.25,8080264,38258520,545433.62
Li32180_S57,OA33A,152149.28,42593.31,4497204,1364218.38,75301.12,858317.06,57284.61,695017.69,50780.88,1216.79,88854.73,139367.67,24235630,96488.85,14904.81,56598.32,40493.07,7362.19,6329.75,4958.49,3707.96,42677.35,276551.38,1566.78,378336.16,27754.48,12681.52,16582.61,961635,22005.83,12067,423295.72,99740.84,91605.59,554034.94,55775.14,56955.19,568605.88,5552.97,166648.66,3359.17,64900.42,88701.02,124351.29,280829.41,10547.65,180305.11,3970.03,198455.44,124827.72,20622.77,28448.69,214438.77,1044003,7869248.5,26630400,313858.88
Li32183_S60,OA34A,94583.96,12638.9,4560150,425312.34,24730.68,516788,39111.54,732968.19,22069.12,2073.57,55326.47,104485.29,25521654,515941.62,87894.95,78237.67,57275.89,12433.19,10770.83,4060.16,7937.7,31575.26,245266.86,1111.49,76157.18,10479.14,18110.28,7296.03,768202.69,6186.06,7566.45,523771.09,66603.03,4823.01,428681.62,26714.68,93437.88,670020,3579.57,117258.71,5055.87,59277.33,55949.23,89623.24,125341.05,8131.1,41466.96,7402.74,43670.53,45830.3,11159.69,35521.14,101638.73,839526.5,14147379,26292160,916103.5
Li32186_S63,OA35A,138891.11,164074.48,5607920,734219.06,62555.18,594755.94,35229.2,779293.31,71649.12,4016.61,161530.89,261223.12,29981634,595938.75,18744.09,91013.43,102698.78,9380.88,8252.41,4664.41,4349.31,34373.26,117040.93,8106.45,38111.54,24638.35,21908.47,69737.81,5694089.5,21528.35,42976.3,328015.59,665685,11367.74,309184.72,37005.55,50822.3,524772.31,3499.65,77195.07,3635.02,41478.09,55492.09,139363.06,212267.05,7186.66,21637.39,7041.31,121622.54,82491.18,10053.78,18457.54,128904.66,787230.75,9920240,23382184,484810.75
Li32189_S66,OA36A,95975.06,8919.26,4297224,698682.19,22660.58,928778.81,5570.43,773535.19,33312.79,2128.89,71912.34,103599.03,23242530,1376531.5,8799.84,74628.73,96807.8,1357.79,1499.08,3536.88,19787.88,26383.35,64235.03,1087.93,98603.96,8960.73,25917.34,22834.35,271730.66,30039.18,3380.11,419524.91,139884.89,9158.61,574394.88,58654.09,49847.11,570424,5553.29,150747.05,3647.54,59166.57,77076.57,148850.67,283449.97,13083.21,40677.82,5532.49,41811.32,46852.09,5311.14,223979.14,133914.77,1096317,23244122,28890752,323015
Li32192_S69,OA37A,217325.61,2760088,4934454.5,1384399.88,50232.31,954547.06,133422.98,840147.81,61455.39,4476.61,71937.12,113624.84,26758626,862253.25,77300.96,86624.69,42489.15,11434.64,7749.22,2135.34,4214.07,28386.73,121743.72,3517.29,51793.1,16312.17,50515.08,42823.1,6463498.5,15262.22,427779.59,328896.16,157009.81,73120.41,641834.5,46542,26460.35,708128.5,7359.85,175503.94,2491.21,66842.18,87699.91,107132.23,283036.16,8067.46,18217.98,3886.47,234276.05,196316.64,34356.96,364542.91,152837.77,777272.25,17791790,26097766,399727.66
Li32195_S72,OA39A,341394.66,128022.44,4425256,6464162.5,501365.59,924449.56,37368.03,1107092.75,96973.63,6870.44,556958.62,149162.36,22718346,416467.38,5614.79,71741.51,74086.95,8252.86,4279.77,4107.97,8810.33,34057.28,75966.67,1682.83,47261.11,33106.84,4953.35,4977.93,1271049.88,20987.5,20169.63,503380,60360.38,60526.92,511742.72,36930.67,45179.17,644687.62,4705.78,135952.28,2178.78,92574.34,58076.09,93163.46,203176.81,7590.92,17861.31,2941.41,377960.38,374993.62,35588.17,11760.97,270184.97,1670319.62,7381327.5,32237568,403410.34
Li32198_S75,OA40A,151192.27,106422.57,4458358,508826.28,39576.56,735510.44,7686.59,757395.31,45573.56,2392.78,34613.69,136424.09,23727360,536603.69,14549.4,97089.62,75603.81,19188.66,13005.61,3833.86,38117.95,37274.69,47425.24,10970.57,516642.16,20697.32,98219.22,100774.98,1235615.62,43985.83,26693.05,237118.38,892857.06,65231.25,781459.81,39809.22,44896.75,741853,8011.61,202351.8,5234.65,89711.79,104712.9,158281.83,303506.72,9118.66,237349.27,2583.83,118398.72,116659.99,15595.68,24212.37,194962.92,567199,7717622,27941440,651564.81
Li32200_S77,OA42A,85723.24,729486.94,4352256,261664.48,12868.14,480708.66,28634.73,957371.31,45527.95,2953.75,27083.54,79370.9,24062162,691054.31,16731.83,56451.07,39845.96,7839.61,5542.06,2095.89,8763.73,20469.54,92609.06,8946.7,51558.95,23876.21,18492.11,3920.17,5498696.5,6737.49,231313,590796.25,65359.96,70052.55,443629.16,23794.1,43836.8,540451.75,1601.66,130851.19,2286.26,57036.78,50814.25,89078.46,216145.25,5826.92,21650.32,4681.16,70276.49,79423.95,13356.5,60073.2,137533.08,1244882.5,7882798.5,21097766,722589.25
Li32202_S79,OA44A,191170.58,65544.27,7885616.5,348440.72,39448.54,631303,15263.49,1652563.62,29417.98,4823.65,21548.68,171635.89,43455656,244138.05,49626.89,120109.87,76071.26,16330.16,14517.23,15443.15,6301.44,16945.06,579270.69,2096.39,50701.32,37158.16,474860.12,0,1838059.5,23271.35,28823.04,1579804.12,87935.32,7547.4,740474.5,50241.32,93084.48,955419.31,7286.31,206716.2,4706.06,159203.52,166898.05,180881.48,498252.09,9496.51,24595.02,6449.86,82587.03,102833.38,7788.84,6767.08,366627.25,1622767.62,14266284,22115272,683158.81
Li32204_S81,OA45A,160474.27,245632.62,3891864,1390784.5,105224.37,479347.91,74054.55,533093.19,54024.11,2707.46,142809.2,149972.3,21009366,900480,100464.91,54889.77,44587.19,9100.21,4570.23,5230.54,4357.05,30674.98,100648.87,2937.64,28143.88,38346.04,10758.53,232548.08,4451997.5,14821.97,115886.74,454941.91,1394793.62,60017.62,584726,26078.05,24170.46,736215.5,5781.11,148234.67,2102.17,59631.05,69581.82,103619.6,202148.88,6083.23,7180.35,2574.2,124226.1,159873.8,25258.77,33011.62,165841.73,1168281.12,6966778.5,27710310,571642.75
Li32206_S83,OA50A,164133.27,48106.55,4457898,3555543.25,28239.39,838004.69,113016.41,776192.56,66009.55,1371.2,310705.66,66165.16,22598494,1234487.88,159553.77,140685.91,100971.21,17316.49,7528.05,5549.67,10096.67,34888.25,136233.39,2894.51,25006.02,18273.71,0,39032.41,1037648,3868.62,8463.49,393334.59,108988.41,45270.62,665342.5,27925.58,55407.52,874563.06,3384.99,174126.52,2348.5,102375.71,76881.94,60920.22,162240.91,7012.49,6402.58,1723.73,495171,148068.52,33338.94,12024.42,197166.77,983134.94,6675080.5,27325072,913231.75
Li32125_S2,OA01B,251295.45,92912.74,4509517.5,1049056.5,17839.32,757571.31,15294.65,973445.31,31135.18,3094.04,73054.3,71367.81,24305702,1285392.5,17290.54,106318.1,107121.07,22051.1,37481.36,6095.39,15352.32,27290.56,157570.52,1848.48,145094.27,22422.54,70933.97,38859.5,904364.75,10060.11,33137.15,601299.94,424592,6792.56,542493.94,32358.95,42863.54,774207.31,4257.26,160463.83,2757.04,98593.88,92499.3,112856.79,231248.7,8520.83,69808.52,3965.18,235174.39,173004.67,25077.62,14278.38,131459.52,1086182.12,7934474,27453846,571602.31
Li32128_S5,OA04B,231644.67,17422.06,4941931.5,1420086.38,18881.48,737088.25,36952.35,1048354.69,40774.28,1576.51,84137.27,121743.75,26157616,907885,50120.46,71989.23,80093.49,5578.62,7731.66,4623.54,5518.31,26763.55,210754.86,1591.08,198180.94,18585.53,27294.74,63484.57,2178435,31812.82,11231.24,347600.72,618894.62,20033.48,674293.44,49018.56,28659.02,818864.69,5179.51,185226.05,3894.39,84944.41,95436.09,176917.2,381526.59,9971.81,83603.87,3297.74,234586.75,175694.69,15175.88,11174.2,171000.75,867586.75,16115752,25919750,366545.03
Li32131_S8,OA05B,159445.36,49447.79,4497471.5,1020813.69,58990.74,893643,32875.7,1114085.12,30409.98,4259.68,97772.09,102191.43,23606410,932055.94,147727.8,69377.27,116056.49,11590.94,15053.21,2898.79,11990.81,47608.97,415966.97,6190.97,100210.75,36353.53,17886.73,14723,3199602.25,21732.8,20156.95,541239.69,145804.94,12819.1,653309,42830.48,54953.84,860301.44,4270.43,178167.39,3450.86,77179.57,82356.62,167488.98,355558.72,9014.25,31650.1,5077.41,235987.81,101586.62,28289.38,416984.66,229274.98,1439919.38,7802987.5,27564450,492744.28
Li32134_S11,OA06B,131927.17,56714.69,4010449.75,831339.94,35932.47,473152.22,43969.14,876395.25,46022.55,3332.05,67917.03,238158.12,21521564,78306.74,106845.54,54488.59,83614.81,8745.58,5821.26,1973.73,10032.6,22497.15,309739.56,3027.76,33113.51,20392.99,30554.1,44759.03,641340.56,12008.1,27962.21,684052,258090.55,5015.3,567688.94,40801.42,43672.91,688975.31,4270.07,149939.56,3721.47,83074.96,74730.98,111020.3,290688.97,7615.56,11006.73,2530.73,165887.7,78009.34,9024,40749.36,154527.98,1714933.5,6907985.5,24036560,476128.75
Li32137_S14,OA08B,120712.13,251772.52,4705007.5,524548.56,579361.88,604786.75,111635.41,987893.69,101450.45,4327.76,56524.61,178578.52,23925504,494782.59,73861.52,64390.86,72370.02,3648.14,2756.24,2594.31,4995.77,22317.46,171973.3,5797.97,63654.94,17474.49,21321.65,13316.79,7627638,42794.77,86773.21,557051.69,129399.12,11829.33,565682.19,39596.06,50256.75,602169.69,6381.46,138553.48,4884.99,77655.68,118555.04,142761.23,314957.41,8471.37,33435.62,9950.27,88615.46,63724.55,27322.09,22752.87,166373.97,1041525.81,16501400,22474166,307548.41
Li32140_S17,OA09B,86283.95,263900.44,6583530,1485909.38,52238.59,1032180.81,91009.81,891043.25,43797.83,8934.73,201718.92,193204.7,33959648,252754.92,157885.64,216166.12,128997.73,19283.55,0,0,11366.18,77581.79,59038.2,2218.24,150167.94,16226.06,21023.42,178687.69,5216682.5,44516.18,199485.08,242052.27,734399.75,14182.36,762105.31,80739.55,109278.1,592814.5,8656.97,243174.89,4768.09,61282.22,141364.53,97120.16,211014.31,13926.37,77596.4,49106.1,87080.79,32722.92,9669.9,39728.68,274573.41,691735.75,22726192,35644308,352269.03
Li32143_S20,OA10B,177433.95,87461.85,4028445.75,1391616.5,51746.54,788975,54591.14,1191680.12,38028.64,3068.73,88575.6,104914.84,21201434,854152.06,124033.27,73568.37,85943.3,2789.09,2668.04,7047.06,6798.66,37209.63,808375.31,4061.93,117301.13,7413.06,29205.65,20165.24,2464024.25,16865.22,24090.12,661497,125870.88,5509.82,646947.75,43160.9,31322.7,819258.44,7104.8,168672.94,1904.25,82713.15,100544.09,109284.29,273436.66,10127.31,54606.87,6870.9,141537.92,172545.62,13238.7,5821.5,173019.42,1402324.88,21284796,21400918,450357.09
Li32146_S23,OA12B,130798.09,76607.95,4720002,630912.44,44051.29,802745.25,64806.07,976639.25,52665.99,2605.69,115742.54,101880.77,24954546,886084.31,155117.45,38087.79,87485.73,9042.84,5744.2,3078.62,24234.59,26400.21,410546.03,1314.86,39021.34,13350.07,44301.29,47075.43,3734131,24967.59,20339.27,1090321.62,635448.25,21842.57,1059958.12,61703.8,63677.55,671467.25,9408.57,298625.88,5110.67,107110.3,131641.23,128320.16,312548.16,11264.02,10081.3,5608.94,120560.59,105586.81,20886.11,8243.34,130539.6,2099270.75,8529059,26498064,818967.81
Li32149_S26,OA13B,113765.66,71712.01,4510051.5,635748.12,23655.64,806597.31,83090.49,992147.31,45774.89,2322.37,141477.06,89380.04,24254446,853345.19,161749.77,53879.85,89223.23,5131.26,6162.59,2993.77,26917.16,29556.02,382865.22,1096.55,34192.53,10001.24,31281.26,43780.79,3905828.25,26278.43,13463.16,948513.75,481278.78,20593.31,1153024.5,59532.13,78964.05,614534.94,8633.73,319870.62,3236.89,97758.96,119352.16,137587.14,333280.62,10964.83,10955.8,3205.67,89244.52,95421.77,17612.52,12644.08,149908.45,2210694.75,14871781,26449048,791435.81
Li32152_S29,OA19B,78355.51,637019.56,4486148,439451.28,43914.38,605152.06,133624.45,1502700,77078.91,4451.79,35199.21,153059.55,23952314,954764.44,218523.86,82257.21,178538.75,10240.8,14054.92,2228.62,14139.77,35706.72,78446.75,2512.28,613867.75,19042.55,26850.11,54266.83,12110151,30965.35,154321.48,212334.12,458981.12,15287.1,752788.81,63310.22,20388.21,890687.06,10810.38,246624.3,6096.86,87942.41,139548.48,149486.88,364117,10960.18,381797.09,6957.21,97318.44,54329,12025.64,74073.8,203331.75,691430.31,16205440,34115504,233939.64
Li32155_S32,OA20B,177844.83,53137.67,5334833.5,931197.75,16787.16,842955.19,108801.95,865980.81,44427.39,1584.43,68996.49,139963.89,28439184,29294.13,250163.81,116973.52,109780.52,19714.18,8852.65,13443.36,15110.52,38462.51,165969.92,1704.38,32561.68,15915.79,110282.23,97426.12,1950739.62,19302.28,22883.61,420975.03,951890.44,8876.04,700938.06,39826,37844.8,896094,5979.23,198678.92,2897.16,67223.27,96901.41,125533.21,279922.53,11645.45,16801.29,6729.35,371246.47,130248.12,26075.71,51385.36,241959.98,621182.06,28440848,31173230,379138.88
Li32158_S35,OA22B,138679.59,44365.2,4105921.25,480025.16,134992.23,591472.31,94042.6,1215863.62,42910.99,13137.65,58695.86,208559.64,20564606,649910.12,73312.19,60696.43,55625.52,11679.65,5830.62,9573.68,6008.13,30910.05,616977.06,1304.55,63085.11,14793.5,113181.37,44323.24,4815134,17103.35,18969.52,895631.31,570899.69,7097,518798.25,37625.2,85326.74,752395.25,7302.12,152025.7,3672.25,82186.01,69833.71,110959.5,231214.81,9317.85,25715.83,4574.81,117506.12,81357.07,12851.09,20941.14,180971.8,1345896.38,14104317,36353396,633110.19
Li32160_S37,OA23B,141479.69,194578.44,4670562,2102724.25,60352.36,1118015,75935.83,684919.94,57937.48,3523.16,176620.56,114014.96,24889920,1307961.38,92743.94,35275.07,63767.7,6181.98,2533.14,6384.91,15363.48,29763.02,413579.84,4330.77,446836.09,13077.11,16300.86,233875.12,1764859,16129.53,82179.97,512925.91,1745009,17825.88,548119.75,41742.29,64075.07,603913.5,6171.49,164140.48,2393.06,68013.85,54498.45,115967.16,253309.95,10546.74,223791.38,4660,518120.09,161296.14,29974.33,200933.06,146075.02,906059.69,8189340,33434730,864230.5
Li32163_S40,OA24B,151301.17,29113.21,4602056.5,526759.94,18649.31,1013986.5,11304.93,532262.62,40067.56,1626.13,23260.67,58138.37,24739202,629070,33596.16,58068.12,69137.21,7619.5,6613.69,1282.07,3449.91,26072.47,75636.34,1471.84,75130.17,21924.89,7154,126590.31,2480255,10002.07,8675.29,304497.81,1342348.5,12001.14,756395.25,31248.48,14896.57,798607.31,5354.79,199603.31,2074.08,86882.53,80450.66,121248.88,261249.8,6047.41,40567.86,2871.9,126629.77,95714.71,21403.88,32407.3,281026.66,505361.03,16304896,20698904,717432.69
Li32166_S43,OA25B,144150.58,554276.25,5569989.5,330194.66,539070.75,545029.94,116662.72,881291.75,90623.25,4492.96,57415.11,215542.14,29563766,328708.31,105263.21,196407.25,102502.84,39774.07,22065.62,4914.09,3241.6,42461.33,2451337.75,1687.7,43127.41,42741.36,224286.88,73065.48,5839292.5,20070.12,82973.02,150663.44,1010321.81,98768.34,770231.5,26967.22,33993.7,858788.44,4912.3,206827.77,4831.13,82603.05,119464.52,106631.28,278471.09,7100.52,15994.7,6411.62,90955.59,89263.2,7080.48,43465.34,229679.06,493865.47,9974329,32671744,552708.19
Li32169_S46,OA26B,198112.08,572621.62,4346296,651403.12,239025.92,839919.5,35742.89,1006481.25,67635.23,2679.24,74296.44,147500.39,22588034,140035.16,135599.92,92504.94,111167.28,16152.39,7942.96,0,12495.83,34356.11,391735.66,4162.75,98028.38,32599.36,27983.14,26707.49,10385127,29911.29,117981.1,749429.81,165491.8,44961.48,521819.78,42677.06,60610.05,683474.69,7688.06,158990.25,3903.68,116876.71,159627.06,140596.64,306578.62,10271.5,43478.86,7090.27,185356.08,106123.71,14784.3,69915.23,284752.38,1367133.5,7654783.5,28864112,561663.25
Li32172_S49,OA28B,176507.92,342851.47,5060192,920960.31,32506.5,1007014.5,53905.34,1030963.44,50823.94,5793.57,94568.29,241581.55,26760462,416602.34,80742.16,118610.66,120457.91,15627.9,6184.36,3839.24,15426.52,33205.7,264446.72,4323.46,31547.92,44642.26,2624.26,168309.75,4572743.5,21738.27,66163.95,394752.16,1397099.12,24184.96,782182.5,49246.64,86396.89,690856,4739.88,228415.2,3545.96,48896.96,93528.55,141362.95,306737.12,11486.24,13630.78,11114.02,279987.84,89095.12,26877.82,203237.08,202584.75,841895.94,18304080,35088212,454477.66
Li32175_S52,OA29B,140196.81,173989.11,4740882.5,443429.38,78640.95,508435.5,19486.75,1054062,84062.09,4140.28,75243.78,133552.98,25169934,1112244,34934.56,125632.71,97359.72,10140.27,8413.81,4380.24,16338.04,37519.95,45138.36,1399.56,260791.23,61046.86,26130.95,36369.11,1915141.62,10711.3,36349.31,956129.69,433858.03,53385.89,697274.19,30649.78,65747.52,712175,6806.06,215370.7,2701.68,105436.46,98997.4,76815.53,177493,6504.27,101447.62,7320.2,100616.07,100512.62,8366.58,56083.5,247172.42,1735808.38,25171398,19323994,692348.19
Li32178_S55,OA30B,90082.4,255483.55,4358126,571119.94,36579.83,826219.56,107557.38,969125.44,79443.62,3932.02,43107.63,170527.98,23132586,561224.81,203338.83,58031.53,100859.98,8189.6,4392.09,2664.52,4574.25,54186.22,880231.69,5620.12,93319,23903.03,46794.28,38577.56,15049293,28311.83,110833.22,227897.64,214800.75,43840.2,732014.56,48056.07,26211.05,932886.44,7864.5,222835.3,4064.32,62710.69,113756.4,184584.95,310063.53,12821.67,37906.71,10201.78,66865.04,58839.11,12261.58,61369.5,173306.58,942908.69,22596816,39637044,434411.09
Li32181_S58,OA33B,149034.11,207487.56,4689718,1637627.88,39205.05,689853.94,97084.27,656105.5,83532.39,4397.94,240602.58,212712.31,24981920,56397.75,98058.26,81167.5,46509.11,6614.15,10476.87,3973.66,4045.68,40021.89,544742.94,1769.33,40709.94,20242.74,43151.54,82270.97,3822613.25,17360.24,40672.49,290979.72,714198.5,52093.66,452404.38,39548.33,92713.66,588285.94,3777.28,134496.89,3400.07,67207.63,76087.84,115951.34,236863.2,10585.58,22248.46,4720.67,263100.69,136807.66,34845.5,18568.28,176766.62,479876.84,8690292,31477742,633386.06
Li32184_S61,OA34B,127002.15,51684.07,4549404.5,518396.09,735055.56,551022.31,29033.23,778396.5,64228.31,3352.88,100449.91,263856.53,24865840,75097.1,94089.06,188515.36,124893.95,14866.09,8760.85,3694.99,6579.24,49920.64,456480.97,3399.72,28929.89,17227.14,26520.71,100534.16,1369063.12,17107.26,12974.4,193044.48,1062029.88,29456.46,696825.5,31459.24,55074.32,855518.44,6307.42,189713.05,7147.17,86327.7,95154.29,85251.34,242278.33,8369.89,14779.82,8689.25,82515.91,76635.23,9849.04,17733.47,141035.5,404192.66,24123264,24333658,734618.69
Li32187_S64,OA35B,185785.25,189956.92,5409909.5,698057.81,180964.42,614863.69,44363.25,772853,132982.67,5033.19,139504.53,231356.08,28692054,279241.78,21514.97,98481.21,76280.59,13133.46,9626.16,4380.91,3451.79,37735.09,601537.19,6443.39,33279.94,41798.01,65619.43,102171.06,2959082.25,19363.2,46864.71,205982.83,915750.25,31025.44,368547,28080.13,40295.42,544178.94,2556.53,91055.44,2012.42,44442.93,52555.8,108003.84,187895.17,8098.01,17346.4,7211.17,131829.2,93306.16,12860.72,60810.05,175020.45,608473.19,9527707,25643074,688766.62
Li32190_S67,OA36B,127719.38,43348.03,4102696.75,660884.75,32779.52,880351.69,8601.7,1165403.38,98464.71,2891.71,84020.19,173276.83,22334186,1522084.62,29475.08,70835.62,113663.74,0,7441.72,8782.72,8793.86,39158.85,178243.77,2773.19,132455.47,21560,257741.42,3073.71,577256,22553.49,12801.5,925745.31,51589.97,50438.33,566482.19,49871.2,76221.01,694779.56,5879.39,158837.23,3457.73,79500.89,89052.77,146901.75,248485.8,9608.38,60835,14712.56,61655.58,60773.41,5443.09,255504.19,240473.67,1397289.38,22077598,29541414,1011672.19
Li32193_S70,OA37B,161235.16,339779.41,4933798.5,829305,1716126.12,956399.06,121878.15,832043.56,94211.18,1671.47,79951.73,142365.45,26470992,499502.91,32688.56,77087.78,49572.09,14328.32,6465.65,2021.13,3328.5,29709.02,684625.06,1158.97,31323.45,23811.5,189872.92,50932.43,1858161,38027.36,41705.5,172443.44,675719.38,72756.84,582326.56,42486.76,23654.85,654662.44,2760.86,176875.17,2315.99,56241.39,72380.31,123045.48,229897.05,10813.33,14330.13,5226.89,185007.25,126588.48,17371.07,48391.31,206192.25,473625.53,17201746,26384794,534896.81
Li32196_S73,OA39B,202158.5,171631.25,4761948,2329737.75,1624838.12,877093.31,55679.54,825467.69,101414.18,4710.22,263620.12,167054.27,25573030,1388501.5,28620.09,75510.34,76738.55,6844.02,6599.86,5543.19,4604.8,26856.91,127479.13,1445.45,22685.11,32070.73,6434.06,146968.36,347730.28,22178.15,91143.77,603885.62,832468.81,49977.39,506036.34,22424.08,32644.22,586445.19,4944.15,145964.38,1634.13,75882.8,38319.41,106397.46,202702.08,6166.92,8847.12,3544.63,199564.12,209620.5,16243.09,93897.25,282373.03,1265131.62,8402691,32362862,445983.91
Li32199_S76,OA40B,183442.42,65361.44,6374192,451485.53,54009.39,1134168.12,29639.58,721453.69,57504.59,1326.66,50058,133161.77,34503244,931836.19,22331.74,115408.06,55225.16,14936.33,18730.74,10832.34,11309.49,37477.48,41704.08,1375.79,24942.03,37149.38,63139.19,163849.69,1737668.5,28147.99,17753.22,1147672.88,1696576.12,39103.46,772414.31,30700.04,61974.89,857052.5,6216.16,261628.77,3641.06,89320.74,138781.45,126663.27,309257.91,8334.95,12288.27,4966.6,120562.55,176816.14,22324.74,40209.11,235047.89,849972.44,22415030,30188562,1151384.62
Li32201_S78,OA42B,131908.83,957061.69,4838962.5,498658.62,138092.19,970297.31,50768.55,892425.31,91436.77,5095.28,43147.38,117700.91,26483616,988055.75,22506.3,86949.02,96659.59,427628.41,13491,3676.8,21346.4,29330.29,626475.19,2794.25,47864.38,20616.07,35584.95,117444.8,1037072.81,34519.93,305090.59,83315.54,897301.94,104312.75,722236.25,50527.28,25552.59,877250,4249.44,195520.75,4906.37,69265.21,113986.54,117919.98,332258.44,10150.7,21062.76,8541.75,138678.27,118101.28,10661.1,72787.67,272798.72,539376.06,9061435,24622056,340177.53
Li32205_S82,OA45B,123507.95,169909.36,4813774.5,1572063.38,121411.1,777550,79669.05,627243.94,91625.98,5029.64,160552.64,169161.05,26067648,879591.44,262844.28,61432.75,122353.68,35905.91,15038.64,6799.46,26023.14,43687.92,940283,3680.75,46151.84,19918.8,52573.48,72812.08,8960788,18191.48,60342.74,451830.5,740244.19,47886.24,734043.25,52095,94380.57,761389.19,5673.67,214796.36,2947.04,75968.95,76395.13,115475.62,274201.19,9574.2,13540.44,6530.13,305748.72,167544.38,26518.46,264709.5,144795.06,889438.44,25206346,31757288,588651.44
Li32207_S84,OA50B,191873,48217.3,5419974.5,1163998.5,18207.64,1730521.12,142933.69,852271.81,139306.92,2579.29,109175.97,122359.15,28079352,809468.69,274092.66,87779.24,79740,15484.02,13116.99,5629.95,22539.62,30053.59,259899.19,19074.85,28579.19,28471.15,33376.97,46427.93,916857.5,9382.53,14141.27,276036.53,250906.81,48622.25,811043,53619.9,29214.68,855868.81,6448.77,248713.77,3463.49,98179.12,88269.06,109546.54,206077.8,12419.17,9138.66,6076.96,136175.5,145321.64,10248.09,26677.05,321246.22,1057989.38,8703794,29510050,873013.75
Li32126_S3,OA01C,181098.45,242010.61,4615136,1049203.38,24145.72,836750.44,103668.97,715700,69852.75,5129.18,165955.02,129419.35,24328082,1565853,102576.93,96051.6,104059.47,15864.49,29035.67,3089.69,16629.34,26125.52,217659.62,4117.53,77375.32,20965.08,12836.89,93806.28,3545230,13959.79,67288.17,373909.25,1260827.88,8745.65,752797.69,47896.9,76763.51,637742.31,7463.86,212954.88,2358.01,89284.84,91114.94,118639.85,300529.72,10574.76,37069.63,7069.45,219191.23,97839.09,25752.3,62161.98,110565.91,650663.19,16788710,28007390,388549.62
Li32129_S6,OA04C,99443.27,29892.21,6053170,865293,43754.78,1033748.5,87235.59,1078333,56941.57,3398.36,132139.25,298895.22,32901206,1481569.5,92876,28944.26,128946.31,2269.24,6301.57,3109.8,15923.95,28765.96,146632.84,1568.17,40494.55,28316.09,5062.13,34354.04,2742458.75,50683.48,11896.85,453940.41,524740.69,23817.85,869711.31,54613.09,66565.63,961603.81,10650.37,265172.22,6735.47,96628.66,151098.86,211939.52,452346.66,10947.15,20337.94,10265.28,74941.25,84471,4157.36,62449.05,180861.73,789565.5,22001246,33417222,906390.81
Li32132_S9,OA05C,88979.72,20538.1,4803984.5,333217.69,33290.11,747007.19,42286.38,1266294.12,78254.15,6508.9,45356.98,226451.5,25549754,963294.69,133555.92,101131.75,109421.34,8163.46,11681.5,5354.48,11760.41,36917.25,3323435,10766.29,47738.66,38709.6,38118.64,58153.06,1734003.12,25059.4,7806.04,437403.5,662496.06,4897.85,788110.75,39599.18,52526.92,1051800.62,6906.15,211287.12,4428.87,89754.27,104709.03,119650.7,335602.34,9755.06,27317.73,7226.9,87341.45,62859.47,9311.74,17441.72,262006.92,1026690.25,17190608,27503706,595443.19
Li32135_S12,OA06C,124853.8,14372.98,4509004.5,721305.81,37594.64,472599.75,26699.53,530068.25,65629.4,1067.43,83133.66,112876.88,24402056,112600.96,127071.77,78958.97,69612.85,8372.23,5136.39,6801.92,13196.79,23888.02,193432.55,3000.05,65338.62,15340.84,12106.64,84961.16,805880,5423.92,14080.31,283259.47,1278399.88,2748.55,719554.69,30220.54,48930.46,697076.25,3101.15,183791.73,2880.22,73664.34,73935.93,83897.84,203952.58,5305.19,41189.5,2560.28,162932.98,80402.59,10567.17,5075.48,151347.52,506497.34,23521214,24719792,692651.69
Li32138_S15,OA08C,120024.4,426527.97,5077775.5,708556,43459.25,1001110.19,107664.19,1051361.12,121740.9,4385.72,64698.75,319068,28115846,781214.06,82315.31,86416.36,95226.25,176768.55,13839.52,3403.9,27182.17,31190.74,154806.11,2236.29,32268.17,17521.54,11693.01,57197.42,26842634,66402.57,186898.3,505592.16,389869.22,18984.32,900194.56,62691.33,77722.8,786619,10586.29,271223.91,7320.95,85727.13,159063,190181.38,478196,15383.23,20138.56,20682.91,190456.88,85012.96,16854.35,32132.31,210608.17,806127.19,8370235.5,28975888,338919.72
Li32141_S18,OA09C,88741.44,90000.19,6203782,1143347.38,50657.29,949273.69,121929.53,1025996.25,102473.59,4989.69,117077.94,404320.16,34546548,393830.84,117096.6,180661.11,107138.52,7418.93,10728.25,0,5702.33,80672.02,311056.06,3246.56,79293.9,46911.74,45931.77,240008,1624800.12,18837.72,62027.5,323017.34,1867926.88,9917.56,568508.75,46624.16,59645.02,645706.56,4244.69,186079.92,4390.71,63010.94,87392.72,69562.05,158196.3,12197.73,39419.75,42294.01,80315.59,44174.77,11883.4,4007.75,239683.14,769546,11254613,42477444,301837.12
Li32144_S21,OA10C,235559.94,57437.82,4830579.5,5620126.5,5567705,671234.19,80706.93,1024999.44,64117.38,2148.73,485034.09,95150.8,26451334,1661785,240597.88,100224.69,79104.95,42762.53,12333.41,12233.73,5449.81,38476.46,1167388.38,1661.75,71190.7,25168.38,45496.05,138848.98,2287202,64392.88,10475.13,411087,945519.5,11963.62,615341.19,35482.69,105965.98,893554.56,6346.57,174418.11,1974.8,78619.13,73671.04,56463.22,225677.12,7392.04,29853.98,2503.59,256443.7,171507.69,40247.66,5590.13,229735.83,832773.5,8691771,21876464,711247.69
Li32147_S24,OA12C,100511.25,102417.48,4180542,516850.88,79892.98,709982,103701.19,934763.44,215194.31,2712.83,71258.23,169963.34,23405010,1169487.88,262627.31,99128.66,94018.7,5606.38,6491.36,3916.62,21373.01,23637.93,75254.86,4857,51768.84,58583.62,28212.42,180482.61,5748230.5,24543.07,77460.69,573859.75,1950176.62,15429.78,1047243.81,41025.63,33707.86,1063581,6320.75,311275.84,4660.74,118506.07,187969.36,119920.12,326071.88,7951.81,22525.91,7248.63,44498.86,57963.22,14704.92,42329.33,295460.5,1749598.62,21924182,31189488,854356.94
Li32150_S27,OA13C,200838.05,109672.12,5126058,711063.06,58136.04,877800.25,79219.73,1520936.12,193173.58,2011.77,122437.68,154002.52,27451048,758236,150380.23,76241.73,92214.53,8436.11,2820.32,3087.89,33218.57,39394.19,1647425.5,8383.36,35386.85,62049.61,56405.59,36263.44,5359345.5,27958.45,26125.42,1030196.81,362423.91,17968.94,1005819.81,68802.2,98413.45,784486.06,8707.28,302716.94,4194.35,128096.38,126629.21,136555.61,358384.59,14796.92,8273.31,7378.42,230652,202850.52,22693.55,102956.81,174201.02,2543062.75,8612458,32360074,914385.31
Li32153_S30,OA19C,186032.06,800496.69,4393924,1500500.12,390535.47,1172978.75,121028,1776372.88,237424.27,5217.21,125166.01,222181.55,24050022,811729.06,141521.95,77305.57,236569.2,14098.65,10158.2,3988.72,31478.37,49043.19,323363.41,5057.12,33500.29,67309.45,39204.64,24444.62,18361182,79002.22,154112,310587.53,79083.94,44384.14,847940.75,84165.94,28187.26,865738.5,16537.31,263685.59,6394.02,86187.49,155395.44,209719.58,624443.38,19605.58,11197.43,22938.43,183069.83,129971.27,28662.2,71010.51,243200.64,1312119.62,8286933.5,39319484,290352.97
Li32156_S33,OA20C,184879.38,61257.09,5548291.5,1223975.38,44131.36,783933.75,109504.98,1400524.12,216835.58,6622.26,169618.73,356595.78,29311378,63415.54,52313.67,146066.3,135551.2,12819.16,13188.25,5484.19,24531.63,48586.74,321052.97,1208.55,36487.66,65654.13,122072.59,13792.39,1864156.88,24967.85,24464.17,1016384.5,169471.2,52740.11,806175.44,69514.82,106583.73,1032161.69,5600.94,239351.73,5732.27,107413.98,130075.65,97922.91,348993.03,12491.94,18376.21,11564.48,136514.95,131454.3,15755.13,60444.2,309126.25,2124660.5,9739884,37022944,578648.19
Li32161_S38,OA23C,209642.36,175913.45,4990656.5,3733818.25,965980,1469285.88,42266.61,1177120.38,200103.25,2882.52,247260.55,158825.3,26218518,1007729.31,171949.25,44380.7,155040.48,5764.79,5677.64,10155.69,29905.61,54294.39,231901.98,1697.72,344582.22,56763.91,7680.7,18469.39,1720961.88,38783.89,62174.82,1031724.31,204527.83,35811.18,672140.69,64416.83,101460.38,601431.81,8914.25,183855.17,3588.61,113329.43,117522.46,180177.25,286382.34,13615.2,161810.67,11134.45,430768.41,215658.12,34960.93,34870.76,229036.08,1873752,8326116,40841896,917967.69
Li32164_S41,OA24C,146994.83,276067.09,4556329.5,388927.12,69934.4,592003.06,9057.48,972833,285814.84,1592.77,83603.21,247795.11,23405390,869182.31,6120.3,76047.69,109907.91,4500.06,5156.84,1496.85,5498.88,35914.91,261148.55,1478.2,29109.72,108895.48,11818.31,24616.68,2107735,18078.12,81351.6,747229.81,256822.67,50415.28,895155,47171.11,35755.91,1011498.19,5224.23,250877.98,4705.54,119305.55,99104.79,136056.08,310027.53,10289.96,7165.24,1398.04,82605.16,95618.06,12651.98,33088.25,190232.17,1492166.5,7439442,24974378,996880.69
Li32167_S44,OA25C,141419.73,831223.69,4645452,393930.03,686625.31,795815.31,81342.59,876281.19,240494.56,3981.55,79048.09,197000.75,24769410,639919.5,33498.56,153397.3,155396.05,23235.71,16832.09,8291.42,5760.49,45101.96,589127.69,5338.83,227980.52,100989.79,82578.05,162265.28,3238559.75,27672.52,208399.05,500403.78,933514.81,47919.75,694542.69,36481,29103.32,826464.31,5745.62,188444.69,5409,76967.74,112951.71,153515.23,373750.75,8834.18,95956.73,10796.07,105896.75,97352.44,10735.23,73874.71,269681.88,1247545.12,6475518,30476530,401040
Li32170_S47,OA26C,257281.95,753556,4765680.5,2528930.75,204213.7,936178.69,63591.36,838007.75,171402.31,2706.83,226264.67,112812.06,25671014,913560.31,206223.08,124635.03,86919.53,17469.32,4605.53,0,7908.52,38568.7,257106.73,1145.76,23768.72,51375.42,14120.79,22808.62,11197059,18347.05,183058.8,662484,215319.73,35969.5,449832.88,44829.21,76848.51,599940.81,4865.36,120725.6,3792.15,105507.09,71652.66,112597.09,278553.28,9602.05,4488.6,11961.71,360502.66,155350.73,32274.77,72411.9,203100.94,1323274.5,16831006,32728374,509500.25
Li32173_S50,OA28C,143218.72,991397.06,4462923.5,615730.44,46492.52,870826.19,86911.57,970752.56,186252.95,4626.65,70705.29,269546.38,23106320,315968.78,189364.77,125767.65,96044.84,124177.75,32680.52,15682.47,14718.21,44766.27,201813.58,5150.43,29574.82,87113.09,9259.72,79932.24,4213548,33164.2,195832.94,316297.78,495735.5,39456.02,746616.19,45236.94,29837.64,716982.69,9089.46,213033.17,3412.41,85603.94,121370.53,171785.42,309731.53,12975.24,14515.79,4510.05,258229.77,105855.01,23630.93,113861.16,236575,1170569.38,7396066,35163264,517230.5
Li32176_S53,OA29C,144074.69,234675.8,4937907.5,912111.19,67648.62,634345.31,75396.99,1720075.62,1577211,2819.55,41948.23,96848.59,25903376,161878.7,106914.94,109743.12,105958.75,74081.94,40367.72,8909.51,10626.96,33985.61,161517.25,19882.24,75669.1,588067.62,6673.89,0,1500272.62,11091.46,70172.78,1389880.88,6349.76,215682.94,1054252.62,45212.23,127813.51,634552.5,5627.85,317375.03,2841.85,158711.28,112584.46,109334.81,247686.88,7710.97,25458.06,4602.71,216207.38,145461.39,16498.64,69772.34,176647.94,830840.81,9197025,15972504,765272.06
Li32179_S56,OA30C,149883.73,47325.17,5159757.5,600187.44,30714.31,861965.81,95109.29,1116046.38,130391.5,3201.33,70856.26,162096.42,28039990,683653.94,145401.17,78168.87,75619.78,10830.73,11192.09,2961.54,4993.04,60751.89,393366.75,41315.62,45571.56,34782.82,50892.53,8655.73,1283157,17862.1,23588.49,337768.72,68217.99,43619.52,577305.19,41726.64,56499.86,848820.5,4421.92,181346.98,3134.16,72523.02,120708.8,142660.77,245780.36,10905.41,19826.79,3977.98,93385.47,95048.84,16379.19,31214.59,185857.92,1079904.5,9271043,36206100,672244.94
Li32182_S59,OA33C,254120.23,54868.95,4745703.5,2082774.88,22110.03,694228.94,47471.75,685209.56,150763.23,2423.96,222640.8,136929.48,24488938,86551.11,46475.83,69273.89,60674.05,0,5715.62,3467.17,3004.03,33335.09,356523.78,1493.44,36005.9,38645.81,38903.39,112798.07,1413032.38,12315.35,12481.41,330907.84,812386.69,40847.43,587441.19,33437.49,97427.07,678866.75,3999.8,174245.95,2494.52,66907.41,97932.88,110401.03,244558.27,7948.76,17995.02,3401.99,374288.72,194394.5,27355.77,18420.22,161769.08,338769.41,7878217.5,26932058,621027.31
Li32185_S62,OA34C,134749.55,51195.56,4661569,501262.09,35272.18,562075,126708.1,819674,277398.91,1622.04,163327.61,143639.91,24808030,629010.94,218335.52,91891.01,81239.47,53405.07,25775.09,9252.64,6925.05,39816.28,160332,1745.49,388777.75,86854.21,21043.52,84418.34,1017589.5,10336.08,13553.5,250066.67,515315.62,52751.45,673010.75,37296.79,51646.89,847052,3910.52,168024.11,3928.42,77033.8,72817.68,122062.12,211811.05,9026.66,164463.44,3237.91,109998.74,78222.01,21036.07,19777.16,164614.67,769121.81,8429293,26471270,755881.94
Li32188_S65,OA35C,226524.73,231575.88,4874466.5,1283350.25,89010.87,660537,58741.2,877881.25,184070.8,2331.05,179571.58,172580.75,25532842,280488.53,17845.21,87551.3,88166.41,4451.14,6044.14,8011.42,5687.04,40025.21,146481.39,1305.5,35725.84,67255.71,50584.3,17278.29,3644920,25743.24,88617.13,543439.56,93897.12,49735.73,424177.41,40482.09,38943.01,535679.19,5577.22,127638.54,2469.51,46804.81,61794.38,107936.96,239656.08,10213.3,12371.59,2865.99,325669.75,152705.55,28437.72,22481.5,191383.88,1408305.38,8305254,22961706,722578.5
Li32191_S68,OA36C,201717.2,69169.64,4688962,894490.25,35529.82,1158823.62,15583.66,729305.19,232001.88,1899.59,126573.77,153873.36,24658816,1412277.88,22491.12,126293.95,83385.48,128841.35,17054.59,3567.82,7303.77,33177.7,32978.3,1368.14,64974.38,41547.62,102069.78,77354.84,1092080.38,14091.74,19423.08,557247.06,932188.69,89571.04,591721.31,40936.07,68237.56,674583.56,2715.35,156758.02,2473.19,60751.34,82590.99,121518.73,238847.94,9524.86,30081.33,11074.95,166193.44,109333.79,16085.83,43636.93,225497.38,529398.94,8022270,26861574,509312.88
Li32194_S71,OA37C,119289.25,769289.19,4945631.5,729549.69,105744.66,877957.31,174408.64,881179.31,171964.48,1351.52,78517.91,164437.86,26747734,445711.62,70448.18,65370.57,59539.93,45949.67,3027.04,3452.1,5128.81,37021.76,210947.75,4443.85,27650.74,31830.95,45270.46,110111.25,2590133,13357.95,116967.26,464258.09,546237.12,85195.62,970935.81,37011.54,54820.25,766291.69,4778.27,278677.53,3171.72,76221.07,102946.38,115913.44,274353.97,9814.18,7509.52,6160.28,220120.44,119965.62,24605.2,49631.08,175177.8,1045478.31,17322472,26574570,474952
Li32197_S74,OA39C,256692.77,387768.09,4491237.5,1525198.12,1377207.5,746376.94,64757.52,844455,135120.09,5016.59,150480.89,133400.86,25783590,2435159,29249.97,90601.85,116439.01,35108.57,12127.6,5377.38,5686.65,25644.61,162449.69,1248.91,29566.56,50498.97,18863.29,53809.75,2232463.25,27720.67,181524.89,535290.81,178278.7,49123.01,571260.56,22706.26,37175.36,735717.81,2737.43,164873.66,2615.05,79027.93,63372.3,75280.87,202955.39,5823.44,9176.91,3174.89,542406.88,223994.95,39615.75,25947.85,339609.97,1216520.5,16807182,27342966,412218.03
Li32203_S80,OA44C,243892.67,415148.09,5758007.5,582272.44,64942.05,358863.66,110943.34,853758.69,102302.03,4620.73,109525.22,138104.88,31136670,289072.91,57948.63,207099.05,84838.03,20596.01,13987.31,7532.9,5087.65,17072.83,255467.86,5062.48,33072.45,82242.89,76452.57,102829.68,1403573.62,14789.77,156484.42,160427.22,1526829.5,91650.12,554154,24898.2,81801.34,782434.75,2081.2,165392.08,2339.36,89249.91,101830.59,75823.01,336486.41,7075.79,21396.44,3115.75,124948.18,140428.45,10265,31923.01,169303.73,423500.25,20154976,25405898,789012.56
