compound,OA01A,OA01B,OA01C,OA01D,OA02A,OA02B,OA02C,OA03A,OA04A,OA04B,OA04C,OA04D,OA05A,OA05B,OA05C,OA05D,OA06A,OA06B,OA06C,OA06D,OA07A,OA08A,OA08B,OA08C,OA08D,OA09A,OA09B,OA09C,OA09D,OA10A,OA10B,OA10C,OA10D,OA11A,OA11B,OA11C,OA11D,OA12A,OA12B,OA12C,OA12D,OA13A,OA13B,OA13C,OA13D,OA14A,OA14B,OA14C,OA14D,OA15A,OA17A,OA17B,OA18A,OA19A,OA19B,OA19C,OA20A,OA20B,OA20C,OA20D,OA21A,OA21B,OA22A,OA22B,OA23A,OA23B,OA23C,OA23D,OA24A,OA24B,OA24C,OA24D,OA25A,OA25B,OA25C,OA26A,OA26B,OA26C,OA26D,OA27A,OA27B,OA27C,OA27D,OA28A,OA28B,OA28C,OA29A,OA29B,OA29C,OA29D,OA30A,OA30B,OA30C,OA30D,OA31A,OA32A,OA33A,OA33B,OA33C,OA34A,OA34B,OA34C,OA35A,OA35B,OA35C,OA36A,OA36B,OA36C,OA37A,OA37B,OA37C,OA38A,OA39A,OA39B,OA39C,OA40A,OA40B,OA40C,OA41A,OA42A,OA42B,OA43A,OA44A,OA44B,OA44C,OA45A,OA45B,OA45C,OA46A,OA47A,OA48A,OA49A,OA50A,OA50B,OA51A,OA52A,OA53A,OA54A,MidBlank5,MidBlank5_20211106182526,MidBlank5_20211107140832,MidBlank5_20211107083353,MidBlank5_20211107175140,MidBlank5_20211107022718,MidBlank5_20211107213449,MidBlank5_20211107000008,MidBlank6,MidBlank6_20211107215045,MidBlank7,MidBlank7_20211107220641,MidBlank7_20211108003015,MidBlank7_20211107232625
DIACETYL,1610.16,884.9,1665.79,2671.87,2599.41,1891.99,2523.78,3256.52,1795.29,4683.35,1556.8,2626.06,1420.17,1722.68,6328.66,3303.87,4112.18,2405.54,3980.14,1823.27,2793.56,1813.66,2343.04,1669.19,2841.92,2804999.25,3416510.75,3831536,3074966.25,2708.41,3383.38,2125.07,6729.4,5301.02,2376.71,4588.88,3443.2,1287.65,2136.1,3209.47,3973.41,3629.69,2407.72,2000.2,5177.68,1916.94,4056.66,2618.84,2018.46,3345.14,3685.34,1188.02,3432.14,1219.31,1680.27,2763.65,1546.9,4441.79,3630.19,3721.54,2637.46,1772.62,1551.35,5899.63,2064.21,5608.35,2490.52,4071.95,2022.68,1908.44,2451.88,4571.35,1933.43,3475.66,2017.77,2464.68,0,3400.77,2060.87,1483.81,4004.63,4267.32,5427,1868.11,3160.63,3341.11,1809.62,4706.38,5870.44,4686.62,3782.83,0,1635.22,6882.51,2053.84,1926.02,3820.86,2471.82,5473.08,1235.2,2704.21,4541.62,3319.06,5865.92,1769.79,2106.41,3939.39,7307.19,6537.07,4390.31,6118.5,2297.83,4223.53,2438.93,3343.09,1759.35,1563.24,4908.54,1979.46,5169.38,4450.48,3530.29,1567.62,3908.54,2752.05,2751.78,5635.25,6274.43,2713.19,1862.34,1353.32,2466.7,1923.28,5452.83,4819.73,3046.24,2792.19,4156.3,3008.95,4319.45,2970.34,6165.5,7876.39,6221.89,4641.77,7736.35,3828.35,6135.49,3210.15,6155.6,8884.28,7815.6
L-ALANINE,4056.03,2950.3,3639.2,381.25,472.63,728.83,2987.36,493.55,2040.17,366.74,3695.52,1872.88,894.48,3951.7,2382.23,1563.3,2786.4,3098.59,1956.29,2498.12,0,973.79,451.59,3513.65,2372.54,411.76,1834.47,1461.86,586.64,0,589.68,0,486.2,469.11,540.58,598.77,0,2484.58,4749.91,5008.84,1843.52,2912.5,4228.38,2223.62,5633.24,453.78,0,845.27,466.65,603.73,407.05,472.59,563.71,337.96,1357.78,4208.22,3057.91,3504.7,530.25,2103.66,2962.4,533.16,0,859.67,0,3684.05,6552.32,2747.92,428.67,0,686.39,1080.7,485.95,685.79,0,2271.66,498.79,1724.41,722.4,443.68,2988.01,645.95,827.36,3812.96,3668.52,2766.1,2925.49,562.07,3553.71,502.1,582.98,876.49,949.36,727.85,2371.51,1486.89,607.15,1069.31,0,459.4,688.83,781.39,545.65,393.31,548.81,665.73,1538.58,656.75,616.11,0,589.25,465.33,588.85,506.21,0,3785.89,2457.77,422.91,3538.97,566.77,869.76,1214.87,702.47,371.48,591.42,518.19,3181.49,602.12,2919.03,694.99,1815.45,633.85,1683.06,1732.27,3072.16,2434.43,1973.97,874.07,480.7,0,0,0,0,0,397.59,320.68,0,0,529.44,0,381.36,0
ACETOACETATE,25424.86,73054.3,165955.02,210137.83,34030.29,44995.16,41187.03,60085.41,23695.01,84137.27,132139.25,449278.25,129777.79,97772.09,45356.98,123514.53,64140.99,67917.03,83133.66,88241.02,23668.14,59762,56524.61,64698.75,86563.26,257270.69,201718.92,117077.94,107482.23,68024.66,88575.6,485034.09,78947.96,104946.56,108237.73,80654.73,123001.38,29199.42,115742.54,71258.23,89535.46,110963.59,141477.06,122437.68,108186.44,133629.73,117058.57,247743.62,107603.16,229920.3,33795.16,44016.25,24044.85,24493.38,35199.21,125166.01,33798.25,68996.49,169618.73,92811.44,39055.96,65892.37,257903.02,58695.86,468946.38,176620.56,247260.55,416435.47,29581.34,23260.67,83603.21,86302.47,22255.08,57415.11,79048.09,110842.79,74296.44,226264.67,184475.25,92033.96,30883.54,101803.41,79582.37,179222.12,94568.29,70705.29,119016.91,75243.78,41948.23,102229.9,66287.85,43107.63,70856.26,86089.67,285738,81291.51,88854.73,240602.58,222640.8,55326.47,100449.91,163327.61,161530.89,139504.53,179571.58,71912.34,84020.19,126573.77,71937.12,79951.73,78517.91,64429.72,556958.62,263620.12,150480.89,34613.69,50058,53858.57,139521.77,27083.54,43147.38,138433.08,21548.68,48442.42,109525.22,142809.2,160552.64,94628.93,55986.36,58926.71,180166.8,90608.95,310705.66,109175.97,104161.59,30181.43,104360.59,63579.62,3395.44,4205.48,2236.15,1085.1,2558.64,1521.04,2378.41,2407.46,2548.54,1710.43,2023.61,1431.94,3433.13,1261.12
3-HYDROXYBUTANOIC ACID,473008.09,1049056.5,1049203.38,1206118.38,535400.94,821765.81,566366.69,694844.69,418689.59,1420086.38,865293,3362119,1221038.12,1020813.69,333217.69,963544.06,700213.44,831339.94,721305.81,434953.25,396155.41,731950,524548.56,708556,834123.94,2609441.25,1485909.38,1143347.38,685229,605613.81,1391616.5,5620126.5,609288.81,474955.59,635586.94,572653.31,720877.06,732088.06,630912.44,516850.88,747215.31,805177.81,635748.12,711063.06,450881.78,1027595,598069.31,1388639.5,440542.16,1854531,518994.75,374712.72,615283.19,479064.16,439451.28,1500500.12,467836.09,931197.75,1223975.38,469373.91,598238.5,518099.34,2102377,480025.16,5509141,2102724.25,3733818.25,4598819.5,425932,526759.94,388927.12,500674.09,327557.22,330194.66,393930.03,1441982.62,651403.12,2528930.75,2091152.62,834166.19,272345.62,494657.16,435911.47,1989997,920960.31,615730.44,1228143.62,443429.38,912111.19,1101977.75,804404.19,571119.94,600187.44,404853.28,3143174.25,1119819.25,1364218.38,1637627.88,2082774.88,425312.34,518396.09,501262.09,734219.06,698057.81,1283350.25,698682.19,660884.75,894490.25,1384399.88,829305,729549.69,712218.5,6464162.5,2329737.75,1525198.12,508826.28,451485.53,562972.06,1911021.62,261664.48,498658.62,2176077,348440.72,340506.34,582272.44,1390784.5,1572063.38,387647.75,739767.5,628036.19,2632767.75,1356939.12,3555543.25,1163998.5,430827.84,330127.41,838000.44,1290152.25,1474.13,1203.64,2386.64,1584.42,4738.74,2915.5,1981.18,742.71,2549.66,1795.23,2892.58,2268.82,1089.41,2681.11
L-SERINE,103881.66,98593.88,89284.84,124617.21,80186.9,60398.01,112743.35,100627.02,75499.3,84944.41,96628.66,88944.81,89018.76,77179.57,89754.27,89719.4,76577.99,83074.96,73664.34,93941.41,71460.91,69823.31,77655.68,85727.13,83789.13,64480.2,61282.22,63010.94,47682.55,55313.66,82713.15,78619.13,88183.16,67908.2,68762.63,91599.16,93898.35,75546.96,107110.3,118506.07,147597.06,66379.44,97758.96,128096.38,80365.08,67070.41,56210.25,78870.57,32300.25,55226.28,51948.8,39445.71,73782.11,67441.9,87942.41,86187.49,82053.75,67223.27,107413.98,85528.65,87980.37,117275.99,55726.89,82186.01,76908.73,68013.85,113329.43,100408.84,64956.32,86882.53,119305.55,86637.9,61697.86,82603.05,76967.74,66933.4,116876.71,105507.09,91614.47,50187.18,59651.99,56608.83,47996.28,64108.77,48896.96,85603.94,85289.55,105436.46,158711.28,84505.38,56328.14,62710.69,72523.02,73673.91,64126.55,102067.02,64900.42,67207.63,66907.41,59277.33,86327.7,77033.8,41478.09,44442.93,46804.81,59166.57,79500.89,60751.34,66842.18,56241.39,76221.07,117694.47,92574.34,75882.8,79027.93,89711.79,89320.74,129099.32,56348.16,57036.78,69265.21,95515.74,159203.52,104573.63,89249.91,59631.05,75968.95,123245.5,97009.99,97802.32,81820.23,51389.66,102375.71,98179.12,68590.16,75053.41,62246.28,74382.21,1350.15,1128.25,1150.53,1339.27,1569.12,1478.18,2304.01,1355.19,860.44,1064.57,597.22,531.92,1024.57,483.74
BENZYL ALCOHOL,77527.87,17290.54,102576.93,59481.46,131839.88,68194.01,91820.06,71228.87,65295.39,50120.46,92876,37522.77,138332.33,147727.8,133555.92,254516.92,43826.91,106845.54,127071.77,132664.09,90029.25,25960.16,73861.52,82315.31,68119.1,110290.73,157885.64,117096.6,224082.81,318381.75,124033.27,240597.88,209870.17,65858.22,69746.98,107385.75,252510.25,307941.66,155117.45,262627.31,99449.56,109723.74,161749.77,150380.23,150885.84,139367.17,335325.41,302630.69,341950.47,46972.44,145694.44,62117.6,71274.71,170976,218523.86,141521.95,144679.45,250163.81,52313.67,162743.19,90877.74,63031.34,28011.49,73312.19,150988.89,92743.94,171949.25,181927.5,127880.73,33596.16,6120.3,146859.73,55823.61,105263.21,33498.56,225070.92,135599.92,206223.08,38945.8,78584.35,158948.22,94910.9,54070.09,204449.8,80742.16,189364.77,112737.32,34934.56,106914.94,28699.16,117455.93,203338.83,145401.17,107647.96,115740.38,54499.14,14904.81,98058.26,46475.83,87894.95,94089.06,218335.52,18744.09,21514.97,17845.21,8799.84,29475.08,22491.12,77300.96,32688.56,70448.18,181941.86,5614.79,28620.09,29249.97,14549.4,22331.74,4905.07,23474.24,16731.83,22506.3,100466.68,49626.89,12159.93,57948.63,100464.91,262844.28,175046.88,200562.48,134312.14,49997.02,107431.16,159553.77,274092.66,26636.69,286313.91,125998.73,285461,0,0,0,791.12,0,0,0,0,0,0,0,0,0,0
URACIL,171384.09,203217.62,211812.5,228370.33,174030.64,175474,223395.45,198310.19,180609.5,203068.2,207476.58,224764.2,184398.58,179584.11,203588.44,208436.88,185075.83,225738.92,186533.8,213530.75,201637.8,188761.75,179251.8,190291.62,218996.27,182126.3,200975.88,213971.88,210359.05,168216.55,191748.02,214097.08,213073.58,166620.31,196610.17,206598.3,205628,203245.42,193445.88,205620.77,206250.81,174983.23,195232.38,206861.83,212982.73,183537.38,197291.39,218021.58,214190.94,184205.17,167367.19,203325.08,191317.69,194823.17,197586.56,204608.98,185844.7,220478.73,204971.33,209968.88,192614.42,212965.3,170128.19,195994.38,203733.27,198417.95,208605.52,221779.83,181393.81,203918.33,223834.48,228548.52,195131.7,201092.83,202857.05,191915.33,194379.31,227352.83,217450.52,200053.7,188513.98,222436.45,216999.08,195659.62,211068.38,238454.3,197343.33,217526.94,217527.75,223338.75,187214.88,209339.88,205169.55,204628.56,191342.62,190395.42,187733.69,208873.39,237446.25,209048.3,199099.67,207941.83,177330.3,225349.83,209635.2,213610.45,224904.11,206810.25,196356.12,203319.3,204179.88,203261.44,202880.92,214497.45,196700.11,183852.17,193897.19,233187.55,194910.45,190372.08,194365.64,172581.08,207637,204651.92,213589.23,191987.69,193222.17,216510.39,196329.95,161470.05,187675.42,197710.61,200582.08,213052.58,194741.25,196482.62,179086.69,212674.89,162721.83,177049.38,168749.42,209720.92,224765.69,173309.77,219420.69,201903.61,191068.05,212614.25,221495.3,200257.31,206495.45,207513.55
CREATININE,29127.76,27290.56,26125.52,33953.18,25537.3,22651.39,34959.63,23771.29,36072.78,26763.55,28765.96,31643.33,33984.43,47608.97,36917.25,31538.25,21820.4,22497.15,23888.02,23696.49,36623.4,34087.7,22317.46,31190.74,39723.25,68715.48,77581.79,80672.02,86931.42,38844.89,37209.63,38476.46,33551.53,73871.55,71757.41,84354.38,116840.71,37158.83,26400.21,23637.93,40837.82,25091.1,29556.02,39394.19,32967.77,40842.43,38185.13,36189.66,35587.73,35488.89,27692.29,26941.31,35082.41,36728.33,35706.72,49043.19,32413.75,38462.51,48586.74,40994.77,32669.51,33800.77,26709.06,30910.05,41376.94,29763.02,54294.39,43367.65,34569.27,26072.47,35914.91,25049.85,25194.87,42461.33,45101.96,23044.78,34356.11,38568.7,29284.46,34053.42,48887.37,46178.87,41843.22,39419.98,33205.7,44766.27,42881.86,37519.95,33985.61,31678.48,53204.93,54186.22,60751.89,62531.09,30924.88,36248.39,42677.35,40021.89,33335.09,31575.26,49920.64,39816.28,34373.26,37735.09,40025.21,26383.35,39158.85,33177.7,28386.73,29709.02,37021.76,39340.56,34057.28,26856.91,25644.61,37274.69,37477.48,33164.25,23945.19,20469.54,29330.29,33772.9,16945.06,22988.86,17072.83,30674.98,43687.92,33378.46,31109.26,30504.43,32176.78,31366.47,34888.25,30053.59,36467.61,27410.02,41048.03,39963.85,814.03,0,0,0,908.54,0,697.9,0,0,0,0,0,0,0
L-PROLINE,3280.65,2757.04,2358.01,4657.18,2212.28,1551.38,6349.71,2205.35,4755.89,3894.39,6735.47,4402.39,2969.35,3450.86,4428.87,3893.43,3852.5,3721.47,2880.22,4625.41,2496.48,4719.74,4884.99,7320.95,3992.38,3814.55,4768.09,4390.71,4208.13,3570.68,1904.25,1974.8,3926.13,5673.73,7746.38,8894.82,8991.46,3170.81,5110.67,4660.74,5463.56,3293.74,3236.89,4194.35,5203.88,3028.19,2082.62,1722.28,2485.78,2024.51,4641.24,2663.18,1383.21,3114.4,6096.86,6394.02,2273.77,2897.16,5732.27,3670.68,1185.58,4803.3,2485.02,3672.25,2157.02,2393.06,3588.61,2093.53,3354.21,2074.08,4705.54,4139.67,3885.79,4831.13,5409,3678.9,3903.68,3792.15,2649.08,4396.03,5347.25,4116.18,4411.06,3724.2,3545.96,3412.41,2387.86,2701.68,2841.85,3506.76,4980.62,4064.32,3134.16,6148.69,3397.21,2593.14,3359.17,3400.07,2494.52,5055.87,7147.17,3928.42,3635.02,2012.42,2469.51,3647.54,3457.73,2473.19,2491.21,2315.99,3171.72,2591.11,2178.78,1634.13,2615.05,5234.65,3641.06,5530.13,2730.36,2286.26,4906.37,2472.65,4706.06,3658.1,2339.36,2102.17,2947.04,4879.68,3656.34,5550.33,1672.5,2983.44,2348.5,3463.49,6174.04,3743.41,4052.13,3915.83,0,371.56,0,0,0,0,0,0,0,321.46,307.62,0,0,0
L-VALINE,7589.16,8520.83,10574.76,14544.24,5598.06,8964.17,8358.71,7883.16,7587.38,9971.81,10947.15,8840.87,8583.81,9014.25,9755.06,10906.47,5515.44,7615.56,5305.19,13825.39,7468.58,9882.61,8471.37,15383.23,10651.05,7567.44,13926.37,12197.73,9211.31,8657.47,10127.31,7392.04,11365.83,9154.75,10347.45,9904.89,10049.42,7459.19,11264.02,7951.81,11480.18,9724,10964.83,14796.92,9742.83,6072.39,5688.58,6838.12,4211.46,9415.23,9985.06,6777.14,5628.48,6058.65,10960.18,19605.58,8493.25,11645.45,12491.94,7252.98,9904.92,10276.51,9155.45,9317.85,8573.86,10546.74,13615.2,9868.62,7277.86,6047.41,10289.96,7455.58,7261.17,7100.52,8834.18,10971.31,10271.5,9602.05,7435.36,5521.74,7684.81,5887.98,7204.36,12260.45,11486.24,12975.24,7115.21,6504.27,7710.97,7741.35,8979.8,12821.67,10905.41,7296.65,5247.54,10144.09,10547.65,10585.58,7948.76,8131.1,8369.89,9026.66,7186.66,8098.01,10213.3,13083.21,9608.38,9524.86,8067.46,10813.33,9814.18,6561.86,7590.92,6166.92,5823.44,9118.66,8334.95,10265.76,6967.52,5826.92,10150.7,7862.35,9496.51,8322.88,7075.79,6083.23,9574.2,11339.73,8886.99,8375.35,7934.56,6741.04,7012.49,12419.17,8708.03,6031.51,8708.96,5817.59,376.69,361.38,396.53,458.79,703.65,376.16,388.75,383.81,453.39,333.98,387.6,454.81,392.24,384.92
SUCCINATE,151375.3,131459.52,110565.91,153231.73,165579.75,180237,222892.25,270905,134342.7,171000.75,180861.73,248705.98,175972.94,229274.98,262006.92,200488.08,161724.17,154527.98,151347.52,187491.11,178027.45,182214.12,166373.97,210608.17,247110.12,191089.05,274573.41,239683.14,255723.77,159758.02,173019.42,229735.83,207218.5,156555.45,144634.5,230496.14,190597.17,144971.52,130539.6,295460.5,310900.41,150654.23,149908.45,174201.02,243098.7,209074.89,275171.53,329154.09,326769.66,131082.36,158547.83,199436.2,193629.05,153340.2,203331.75,243200.64,172002.73,241959.98,309126.25,224099.36,232032.7,200227.55,145289.48,180971.8,209430.61,146075.02,229036.08,166801.38,154765.36,281026.66,190232.17,111512.87,216864.44,229679.06,269681.88,193633.39,284752.38,203100.94,235012.12,228421.36,233631.69,379495,263187.12,138376.8,202584.75,236575,222764.89,247172.42,176647.94,252148.8,137007.72,173306.58,185857.92,207207.19,148183.28,171333.3,214438.77,176766.62,161769.08,101638.73,141035.5,164614.67,128904.66,175020.45,191383.88,133914.77,240473.67,225497.38,152837.77,206192.25,175177.8,181791.08,270184.97,282373.03,339609.97,194962.92,235047.89,318865.69,222346.56,137533.08,272798.72,279217.53,366627.25,227699.67,169303.73,165841.73,144795.06,191152.33,145573.48,211236.95,187942.67,232749.42,197166.77,321246.22,138255,138594.44,117881.34,155385.08,6947.85,7064.96,9112.38,8507.41,12713.86,13338.25,11860.01,12011.58,7706.77,12863.9,11430.73,13879.39,37718.87,37377.3
L-THREONINE,86559.86,92499.3,91114.94,132715.36,83837.42,70482.43,126048.55,85957.21,90635.6,95436.09,151098.86,91920.34,93942.48,82356.62,104709.03,84575.02,63617.81,74730.98,73935.93,102849.59,80742.39,103451.4,118555.04,159063,100279.47,99558.84,141364.53,87392.72,89793.29,73477.29,100544.09,73671.04,107828.78,100486.1,110364.94,188838.5,144332.05,101047.38,131641.23,187969.36,178719.2,64240.31,119352.16,126629.21,97416.38,73114.81,54736.43,65771.58,53011.24,55110.02,87750.66,53907.62,52150.71,81211.48,139548.48,155395.44,105577.9,96901.41,130075.65,99492.75,77158.56,107483.71,44013.44,69833.71,65569.25,54498.45,117522.46,84214.55,59075.7,80450.66,99104.79,80878.05,102626.35,119464.52,112951.71,69872.7,159627.06,71652.66,87401.82,64709.8,95709.97,60968.31,70675.66,90512.72,93528.55,121370.53,112799.65,98997.4,112584.46,109269.23,79395.52,113756.4,120708.8,91033.94,45045.15,73843.91,88701.02,76087.84,97932.88,55949.23,95154.29,72817.68,55492.09,52555.8,61794.38,77076.57,89052.77,82590.99,87699.91,72380.31,102946.38,83994.27,58076.09,38319.41,63372.3,104712.9,138781.45,194505.5,79022.62,50814.25,113986.54,74210.74,166898.05,118244.16,101830.59,69581.82,76395.13,106742.45,82691.46,124792.03,80827.93,81341.01,76881.94,88269.06,91306.1,100981.56,70355.55,78533.59,2436.28,1636.48,2118.34,2582.79,2177.83,1303.49,676.17,2712.51,379.89,0,822.3,813.69,1027.7,0
PHENYLACETALDEHYDE,36727.07,14278.38,62161.98,53310.31,52787.98,9328.97,12679.25,28820.82,10242.88,11174.2,62449.05,11227.93,8743.93,416984.66,17441.72,374655.47,11222.13,40749.36,5075.48,62511.04,1283.41,75009.68,22752.87,32132.31,75256.26,21385.65,39728.68,4007.75,35807.76,24671.28,5821.5,5590.13,11612.02,297553.34,191933.94,940923.06,467411.03,12378.25,8243.34,42329.33,16919.5,76531.19,12644.08,102956.81,30929.54,2441.84,37187.5,17317.07,19048.96,16430.08,35108.14,20747.66,37897.47,83053.89,74073.8,71010.51,46664.05,51385.36,60444.2,36441.41,135413.45,70259.43,36733.72,20941.14,46692.64,200933.06,34870.76,19583.32,34106.21,32407.3,33088.25,30087.57,38612.08,43465.34,73874.71,9467.83,69915.23,72411.9,65313.41,9508.25,16129.48,23658.4,18231.9,17273.37,203237.08,113861.16,36034.46,56083.5,69772.34,17053.59,55495.14,61369.5,31214.59,78179.34,56914.87,7564.91,28448.69,18568.28,18420.22,35521.14,17733.47,19777.16,18457.54,60810.05,22481.5,223979.14,255504.19,43636.93,364542.91,48391.31,49631.08,32273.9,11760.97,93897.25,25947.85,24212.37,40209.11,41102.2,24930.88,60073.2,72787.67,35183.57,6767.08,31465.65,31923.01,33011.62,264709.5,155405.27,97554.07,21888.71,17986.25,16793.13,12024.42,26677.05,40380.28,42682.72,48703.5,30790.53,0,0,0,0,0,0,0,715.18,0,0,0,0,0,0
4-METHYLCATECHOL,45889.64,15294.65,103668.97,75069.38,23728.56,37309.52,33172.15,16765.74,54512.48,36952.35,87235.59,10958.14,226176.64,32875.7,42286.38,59292.78,14547.78,43969.14,26699.53,22046.21,55621.45,46475.04,111635.41,107664.19,120406.79,59786.25,91009.81,121929.53,268160.78,109091.07,54591.14,80706.93,123832.07,162866.92,124538.53,267731.44,257375.7,127645.77,64806.07,103701.19,74508.02,80599.65,83090.49,79219.73,91363.69,31841.95,61207.89,43272.51,74637.51,30245.82,35795.28,52139.42,79754.66,82765.71,133624.45,121028,79342.24,108801.95,109504.98,110797.41,77263.05,144501.58,43597.55,94042.6,58993.57,75935.83,42266.61,95761.28,27307,11304.93,9057.48,31949.91,110697.28,116662.72,81342.59,56113.09,35742.89,63591.36,30382.58,99237.97,58034.39,117288.54,24878.4,83604.59,53905.34,86911.57,69824.07,19486.75,75396.99,62798.7,133624.98,107557.38,95109.29,111660.66,86327.93,122188.25,57284.61,97084.27,47471.75,39111.54,29033.23,126708.1,35229.2,44363.25,58741.2,5570.43,8601.7,15583.66,133422.98,121878.15,174408.64,63954.25,37368.03,55679.54,64757.52,7686.59,29639.58,114226.94,61593.28,28634.73,50768.55,87135.76,15263.49,57110.38,110943.34,74054.55,79669.05,136854.67,115830.81,41917.31,55736.93,57704.46,113016.41,142933.69,81689.66,35034.44,23633.98,132500.27,0,0,0,860.61,665.07,906,1165.88,856.68,0,0,0,0,933.37,862.38
TAURINE,764632.31,1086182.12,650663.19,1133508.88,1181460,401489.25,1448140.62,1743546.38,660250.44,867586.75,789565.5,981611.19,1288754.12,1439919.38,1026690.25,1249395.88,1115311.12,1714933.5,506497.34,1776170.38,731385.94,879767.5,1041525.81,806127.19,1455682,482972.88,691735.75,769546,1089761.62,531199.31,1402324.88,832773.5,1498066.62,1325854.75,780262.31,788257.56,1046645,1334563.88,2099270.75,1749598.62,1594728.38,1325583.62,2210694.75,2543062.75,1026663.31,561302.38,509933.84,1869371,1056014.75,455828.41,868597.69,1128936.12,1125965,650392,691430.31,1312119.62,1577879.5,621182.06,2124660.5,1367970,817271.94,1437876.62,381415.25,1345896.38,560298.31,906059.69,1873752,901113.81,423238,505361.03,1492166.5,531251.75,853665.44,493865.47,1247545.12,782089.31,1367133.5,1323274.5,483155.75,1103913.38,902102.5,1660577.5,616374.44,757928.31,841895.94,1170569.38,1007204.44,1735808.38,830840.81,898894.31,556808.25,942908.69,1079904.5,1131694,1410138,1108234.25,1044003,479876.84,338769.41,839526.5,404192.66,769121.81,787230.75,608473.19,1408305.38,1096317,1397289.38,529398.94,777272.25,473625.53,1045478.31,1065158,1670319.62,1265131.62,1216520.5,567199,849972.44,1697279,1760981,1244882.5,539376.06,1449565,1622767.62,945626.69,423500.25,1168281.12,889438.44,702158.44,1319540.88,1855776.5,922648.44,761620,983134.94,1057989.38,1173312.38,1275498.5,1226289.5,1433755,0,0,0,349.84,834.28,414.08,591.19,674.1,0,0,0,0,831.1,0
5-OXO-D-PROLINE,798346.69,973445.31,715700,988153.56,1131916.12,716863.06,1442623.88,1170157.38,977576.31,1048354.69,1078333,921251.81,1285883.38,1114085.12,1266294.12,1090886.88,745938.56,876395.25,530068.25,898428.56,881791.31,1093207.88,987893.69,1051361.12,1045339.75,733180.69,891043.25,1025996.25,845433.69,899444.19,1191680.12,1024999.44,1403188,1326410.38,1176185.25,1195415.25,1058866.62,974953.5,976639.25,934763.44,1059310.88,781576.81,992147.31,1520936.12,1079715.5,595476.56,450074.25,974824.25,698739.94,921294.69,676090.31,648373.06,1467296,1328086.25,1502700,1776372.88,1297089.12,865980.81,1400524.12,1003623.75,1040664.44,972056.69,627162.06,1215863.62,857878.75,684919.94,1177120.38,736411.25,500680.34,532262.62,972833,505724.66,784947.81,881291.75,876281.19,668955.19,1006481.25,838007.75,635296.06,952443.94,945263.31,1294642.62,767831.75,966710.81,1030963.44,970752.56,784342.5,1054062,1720075.62,738576.56,959304.44,969125.44,1116046.38,988582.81,1380163.62,1049021.12,695017.69,656105.5,685209.56,732968.19,778396.5,819674,779293.31,772853,877881.25,773535.19,1165403.38,729305.19,840147.81,832043.56,881179.31,738580.94,1107092.75,825467.69,844455,757395.31,721453.69,1111039.88,1213231.38,957371.31,892425.31,1219973.12,1652563.62,933397.31,853758.69,533093.19,627243.94,667962.25,1017884.19,1022750.94,783288.81,540816.75,776192.56,852271.81,729259.81,880619.31,1243078.88,836176.19,18332.48,18198.43,19092.21,16855.34,21484.93,25424.81,20130.59,17161.2,12919.4,14294.75,15140.95,13588.43,14118.5,23843.23
ITACONATE,9882.58,6792.56,8745.65,76169.34,4422.75,9550.4,12641.35,7504.82,21366.81,20033.48,23817.85,56232.58,4411.98,12819.1,4897.85,38483.01,3353.45,5015.3,2748.55,45016.55,9541.03,29712.95,11829.33,18984.32,43058.07,21787.78,14182.36,9917.56,39938.27,9325.7,5509.82,11963.62,37704.21,45800.34,70035.59,83177.38,66519.65,21204.5,21842.57,15429.78,41324.5,14823.06,20593.31,17968.94,30980.03,15047.51,51725.84,35443.88,30384.75,8722.69,8454.23,11325.67,19347.95,13075.66,15287.1,44384.14,5026.07,8876.04,52740.11,63757.34,17547.91,31115.73,4989.47,7097,41196.03,17825.88,35811.18,59436.42,54592.25,12001.14,50415.28,26405.48,7773.95,98768.34,47919.75,7553.11,44961.48,35969.5,38131.83,19223.22,28703.75,49244.19,61987.67,9340.97,24184.96,39456.02,20036.66,53385.89,215682.94,55293.72,14955.02,43840.2,43619.52,73804.74,21837.01,8143.91,91605.59,52093.66,40847.43,4823.01,29456.46,52751.45,11367.74,31025.44,49735.73,9158.61,50438.33,89571.04,73120.41,72756.84,85195.62,44966.92,60526.92,49977.39,49123.01,65231.25,39103.46,39702.41,11547.32,70052.55,104312.75,68697.4,7547.4,72043.73,91650.12,60017.62,47886.24,58323.8,38428.68,51833.3,38059.74,31702.07,45270.62,48622.25,53365.56,40498.79,58906.47,38778.54,2655.35,1267.8,1071.06,1224.49,1509.24,2396.87,1408.02,1578.1,2197.74,1871.39,2052.28,2268.75,2103.77,1500.66
4-METHYL-2-OXO-PENTANOIC ACID,730604.94,757571.31,836750.44,1148473,581783.94,796411.81,643644.75,662822.81,703144.75,737088.25,1033748.5,770929.69,654589.94,893643,747007.19,1055911.62,443369.66,473152.22,472599.75,629722.06,648315,775915.06,604786.75,1001110.19,867504,914055.5,1032180.81,949273.69,662291.44,788290.44,788975,671234.19,1031867.5,506434.97,554103.62,756062,645147.19,796299.31,802745.25,709982,924079,774204.5,806597.31,877800.25,729880.31,716216.44,531991.19,628289,428532.88,880196.25,745468.19,538881.69,638298.31,495204.5,605152.06,1172978.75,669942.31,842955.19,783933.75,650493.75,766038.44,718672.31,552877.94,591472.31,1115536.12,1118015,1469285.88,1050530.88,587227.31,1013986.5,592003.06,623022.31,734550.94,545029.94,795815.31,700052.69,839919.5,936178.69,679700.94,418288.09,466288.91,465761.88,493582,1064331.62,1007014.5,870826.19,571349.56,508435.5,634345.31,616917.56,937897.81,826219.56,861965.81,774769,596436.62,969420.69,858317.06,689853.94,694228.94,516788,551022.31,562075,594755.94,614863.69,660537,928778.81,880351.69,1158823.62,954547.06,956399.06,877957.31,532599.5,924449.56,877093.31,746376.94,735510.44,1134168.12,1069107.88,670012.19,480708.66,970297.31,407774.78,631303,496423.22,358863.66,479347.91,777550,692561.19,610415.62,517341.34,746325.19,719703,838004.69,1730521.12,670846.5,648637.19,954254.81,436412.5,4083.29,4406.51,4072.4,4201.12,3948.67,3944.32,2973.95,3231.81,1429.94,2490.63,4288.43,3837.21,4479.14,4076.07
CREATINE,16834.84,15352.32,16629.34,24194.92,13022.62,12813.5,10694.86,6261.21,10511.82,5518.31,15923.95,6773.8,8455.2,11990.81,11760.41,6170.21,11071.71,10032.6,13196.79,22767.67,19360.62,13642.1,4995.77,27182.17,9328.05,4246.86,11366.18,5702.33,6913.42,6196.99,6798.66,5449.81,6965.06,5167.25,4332.98,9922.1,6733.42,19258.57,24234.59,21373.01,38276.5,15774.26,26917.16,33218.57,32413.21,5204.87,5356.67,6191.67,3810.53,30046.34,11976.29,8194.71,4505.2,6588.89,14139.77,31478.37,16112.35,15110.52,24531.63,13367.78,20037.89,15876.19,6657.95,6008.13,5912.26,15363.48,29905.61,16742.95,3624.16,3449.91,5498.88,6269.81,5603.08,3241.6,5760.49,12573.04,12495.83,7908.52,6013.92,8262.15,14183.51,5153.67,9204.1,26359.07,15426.52,14718.21,19795.93,16338.04,10626.96,7126.75,4631.29,4574.25,4993.04,5721.72,16799.07,27727.84,3707.96,4045.68,3004.03,7937.7,6579.24,6925.05,4349.31,3451.79,5687.04,19787.88,8793.86,7303.77,4214.07,3328.5,5128.81,8887.94,8810.33,4604.8,5686.65,38117.95,11309.49,5424.76,15892.41,8763.73,21346.4,6567.25,6301.44,3238.14,5087.65,4357.05,26023.14,25992.34,15891.16,8792.01,12188.01,10559.73,10096.67,22539.62,19444.34,13684.89,8368.73,7343.62,0,0,0,0,0,0,0,0,0,0,0,0,0,0
LEUCINE,33567.16,32358.95,47896.9,84970.05,27628.05,42636.98,42958.59,40707.12,33547.44,49018.56,54613.09,47043.86,36115.23,42830.48,39599.18,51846.11,29933.95,40801.42,30220.54,67885.48,47253.34,46299.72,39596.06,62691.33,59485.62,45900.87,80739.55,46624.16,32677.22,41217.41,43160.9,35482.69,58951.59,48809.43,47531.75,58585.8,53561.14,31510.67,61703.8,41025.63,63959.19,47197.14,59532.13,68802.2,50119.54,30062.05,20061.17,35487.69,22326.09,50385,48834.35,24445.59,27267.68,27764.65,63310.22,84165.94,41405.24,39826,69514.82,35903.77,43394.85,34875.1,38207.7,37625.2,35322.11,41742.29,64416.83,46612.42,35822.76,31248.48,47171.11,34041.09,33542.94,26967.22,36481,44468.52,42677.06,44829.21,27697.64,28301.47,25192.99,22901.49,27739.82,60010.53,49246.64,45236.94,37168.8,30649.78,45212.23,31261.87,53631.12,48056.07,41726.64,43635.32,24210.85,49894.61,55775.14,39548.33,33437.49,26714.68,31459.24,37296.79,37005.55,28080.13,40482.09,58654.09,49871.2,40936.07,46542,42486.76,37011.54,33031.26,36930.67,22424.08,22706.26,39809.22,30700.04,58395.19,34030.56,23794.1,50527.28,23019.68,50241.32,34675.11,24898.2,26078.05,52095,54040.86,49585.72,32380.93,39344.75,32072.96,27925.58,53619.9,38514.62,29903.12,43402.6,28960.26,4150.21,4216.65,3284.74,3629.02,3045.69,3578.71,3278.93,4906.51,2296.12,2540.76,2111.22,2193.73,3194.28,2249.26
GLUTARATE,6708.18,22422.54,20965.08,66036.12,52042.76,28094.15,57109.83,19159.69,15392.08,18585.53,28316.09,53046.67,33526.5,36353.53,38709.6,43915.9,17675.45,20392.99,15340.84,40442.22,16199.16,8326.73,17474.49,17521.54,41629.41,24549.58,16226.06,46911.74,69487.28,16793.56,7413.06,25168.38,34428.79,24687.9,29924.93,30968.18,42729.79,11989.56,13350.07,58583.62,40243.01,12515.16,10001.24,62049.61,37381.5,13046.43,35411.54,76706.12,144339.77,23013.9,5579.93,14452.43,14192.87,10582.46,19042.55,67309.45,9608.33,15915.79,65654.13,29350.37,14678.11,25369.39,8656.4,14793.5,26285.88,13077.11,56763.91,39169.21,36053.8,21924.89,108895.48,25114.53,9578.41,42741.36,100989.79,16006.5,32599.36,51375.42,37665.91,16284.32,16970.79,65102.08,44799.11,18970.22,44642.26,87113.09,80868.97,61046.86,588067.62,92520.69,12890.21,23903.03,34782.82,34272.56,18829.6,17417.21,27754.48,20242.74,38645.81,10479.14,17227.14,86854.21,24638.35,41798.01,67255.71,8960.73,21560,41547.62,16312.17,23811.5,31830.95,15886.28,33106.84,32070.73,50498.97,20697.32,37149.38,43733.31,34810.96,23876.21,20616.07,42657.18,37158.16,27286.92,82242.89,38346.04,19918.8,42038.3,21078.88,26039.31,29390.92,15426.5,18273.71,28471.15,15342.78,17637.25,16943.85,16840.99,5893.81,3248.57,5318.69,4175.71,5248.76,3497.03,5101.01,2407.38,3433.06,8913.78,4932.57,5784.76,7753.78,7352.06
L-ORNITHINE,211423.38,160463.83,212954.88,234845.8,135338.86,159131.69,215963.67,152115.86,212974.3,185226.05,265172.22,207930.92,175887.5,178167.39,211287.12,143875.61,183303.12,149939.56,183791.73,218114.83,149073.77,170853.69,138553.48,271223.91,211105.17,161100.23,243174.89,186079.92,160487.73,179165.25,168672.94,174418.11,219495.06,180213.77,194016.5,245960.77,202943.67,168660.08,298625.88,311275.84,354486.97,216943.62,319870.62,302716.94,344293.62,166184.02,168572.2,187241.67,123447.24,119222.57,179429,124547.77,134334.61,138039.39,246624.3,263685.59,162097.44,198678.92,239351.73,182965.56,238083.73,192992.08,124480.09,152025.7,157918.33,164140.48,183855.17,180501.25,225329.61,199603.31,250877.98,245816.27,182754.12,206827.77,188444.69,142001.2,158990.25,120725.6,143820.84,152249.56,175999.73,159137.77,190130.42,211200.86,228415.2,213033.17,223493.2,215370.7,317375.03,205611.25,170411.92,222835.3,181346.98,189407.95,216396,217473.31,166648.66,134496.89,174245.95,117258.71,189713.05,168024.11,77195.07,91055.44,127638.54,150747.05,158837.23,156758.02,175503.94,176875.17,278677.53,195193.81,135952.28,145964.38,164873.66,202351.8,261628.77,270601.09,154652.89,130851.19,195520.75,75202.8,206716.2,219825.11,165392.08,148234.67,214796.36,286712.5,187328.58,149939.31,262894.34,224188.3,174126.52,248713.77,216846.2,154224.62,146196.44,187166.8,3470.51,1122.06,2167.7,2360.37,3322,2837.06,2677.01,3614.59,579.03,1456.09,604.2,720.88,2334.19,583.62
HYPOXANTHINE,412245.22,601299.94,373909.25,541139.81,734810.75,197414.95,1149456.5,748699,165410.59,347600.72,453940.41,327444.78,611830.12,541239.69,437403.5,848129.31,530910.12,684052,283259.47,899493.5,249980.12,446488,557051.69,505592.16,625921.69,146818.42,242052.27,323017.34,399502.75,187782.7,661497,411087,748217.69,515569.75,488752.22,435422.72,466239.62,466947.22,1090321.62,573859.75,489565.34,270166.53,948513.75,1030196.81,249023.92,148529.73,243359.62,887594.25,526524.69,322430.5,359351.41,500114.28,529102,194262.94,212334.12,310587.53,801274.56,420975.03,1016384.5,507987,491762.22,442941.16,210348.75,895631.31,175810.06,512925.91,1031724.31,377125.62,94337.79,304497.81,747229.81,299169.22,275782.34,150663.44,500403.78,390976.91,749429.81,662484,161462.86,943887.25,136516.23,599607.75,229727.8,177308.31,394752.16,316297.78,493169.5,956129.69,1389880.88,480739.09,279374.66,227897.64,337768.72,327829.19,817824.69,534988.69,423295.72,290979.72,330907.84,523771.09,193044.48,250066.67,328015.59,205982.83,543439.56,419524.91,925745.31,557247.06,328896.16,172443.44,464258.09,317605.91,503380,603885.62,535290.81,237118.38,1147672.88,990129.56,1722370.62,590796.25,83315.54,662292.81,1579804.12,466698,160427.22,454941.91,451830.5,195128.06,706737.56,612110.25,244053.17,295617.16,393334.59,276036.53,469678.97,655116.06,967917.69,561098.62,15439.55,19827.79,28613.42,18122.07,25216.04,17859.21,29626.68,18010.67,19306.68,24534.47,23052.7,22002.68,23282.49,27344.77
PHENYLACETIC ACID,6040.25,2813.8,10072.2,3603.38,15545.6,22445.53,14628.2,7258.08,12642.37,6600.7,16116.33,9423.65,8827.08,625946.62,7241.81,43490.75,3450.56,4079.72,2050.63,7850.56,2582.09,8431.08,38907.98,26304.09,21108.66,20726.94,86678.09,16262.62,22009.62,6109.75,4708.16,8210.73,9117.62,107160.01,65629.41,154478.11,175016.69,45682.58,31314.01,44667.71,36694.95,32867.14,43258.68,46181.94,40988.53,5894.07,9098.69,6329.61,7810.22,36627.18,18069.55,41974.57,25788.12,32215.81,20402.67,35337.33,34841.26,9044.44,20772.71,10340.43,70053.15,444379.12,9081.25,4686.66,9061.74,37999.5,17998.42,22291.48,3104.53,4545.82,8206.15,2854.15,14153,27282.56,31573.86,23339.24,6654.73,9391.91,16862.62,48540.8,94898.74,77202.49,30330.71,10103.42,19237.42,18450.29,13396.18,341502,16589.28,10384.19,56260.36,44453.23,44476.68,80225.23,18812.84,12718.94,3062.94,9200.96,15560.42,2184.4,4139.26,5675.87,38915.29,32316.23,74205.79,2627.76,19183.35,11954.93,14657.97,62376.96,31176.01,28357.55,21292.49,14858.1,19635.9,3120.56,12534.49,43230.75,58057.51,15760.84,16057.5,62821.04,5119.6,35252.22,43812.67,29318.74,392711.91,152883.38,256850.55,16562.4,25108.68,13750.2,4845.2,70916.24,2455.02,4773.32,8929.76,24840.26,7986.08,7433.37,8711.86,5408.05,12002.85,13047.42,17456.72,8832.51,10655.2,14876.95,10515.66,12561.18,5629.79,8452.08
3-HYDROXYBENZOATE,9836.71,11620.02,3878.03,4290.77,7617.09,9389.54,9385.2,19304.53,8384.76,6933.16,8960.07,2259.94,7606.93,15351.66,19554.09,6757.71,8279.98,9547.95,12919.14,6215.73,8454.31,12697.9,7779.64,8420.53,10404.65,9342.63,5552.1,9247.45,10380.57,9468.35,13437.91,61516.05,6854.43,3309.22,17531.09,69223.94,13400.79,7567,6652.7,7741.79,3440.05,4089.44,6196.24,6537.31,9661.01,9925.29,5190.6,19185,29860.93,8933.01,13386.12,11606.9,10234.16,8635.42,10331.38,39820.43,13725.86,8966.31,218376.69,92645.01,6815.58,12773.51,8492.86,6519.12,8750.55,12527.61,26976.19,21122.37,2831.34,10426.01,6865.18,6210.65,4513.6,14611.96,8045.51,154574.73,31184.75,26075.6,6180.49,10133.63,9373.11,4934.58,2954.13,6315.15,6074.14,12113.43,11491.68,8846.78,6095.99,11808.68,11223.01,10175.71,9499.05,8392.67,23917.35,3361.76,6826.96,9649.59,4873.48,6969.6,5133.04,8383.08,6773.33,4146.8,9927.92,9489.33,2576.83,14974.35,15722.14,9109.57,16033.14,3438.74,16430.8,31137.91,33444.51,6278.9,4135.83,8742.45,3859.03,5676.82,3899.69,7519.12,12515.21,32437.51,32780.88,9530.86,8133.94,9473.25,8902.2,5955.28,5117.49,9143.92,6172.64,3749.57,12059.33,7469.98,10539.31,13101.41,8258.18,6421.65,8733.67,6857.29,7981.67,5621.26,9345.26,7437.8,6971.4,9326.44,7219.76,7912.07,5757.66,8046
SALICYLATE,137384.89,7602.74,24108.2,11058.93,6034.25,7103.23,8160.69,10893.28,3647.99,6067.97,16654.1,26626.41,3635.25,9470.35,5213.99,6747.68,6020.94,4222.73,9113.66,4004.7,2723.59,33325.41,9205.54,22479.29,46358.36,4721.49,4350.98,6042.86,6778.66,10484.26,1426104,568226.75,9363.38,8117.75,11969.3,115684.71,6414.86,6843.52,11654.89,9357.86,7729.72,4811.91,3298.57,32493.65,8786.53,13737.63,7455.57,45790.07,55737.25,4724.44,6640.72,13375.8,3671.03,7425.95,11137.21,13991.05,10715.03,11314.72,4408565,2312024.25,14458.07,4034.53,7685.09,9524.69,3086.72,10707.79,18672.22,9636.34,17426.58,9465.28,13463.63,15611.24,6955.35,32519.21,7534.53,6492.92,14169.47,7496.51,3198.58,7938.15,9803.77,3714.59,5343.81,7021.52,7045.98,3698.2,100675.71,4954.63,7398.87,7137.2,7715.87,9647.25,2575.35,9789.14,117766.47,10759.75,3689.04,3745.74,3461.49,7402.58,2858.13,12003.57,5230.85,3568.5,3034.59,6975.34,10803.83,22131.83,49892.31,73588.21,7894.01,6645.13,4733.5,9576.63,12354.54,4899.13,3865.35,5494.57,7251.9,7130.41,6137.67,3435.1,85005.66,143722.7,675225.56,5813.5,13869.07,9534.35,8082.4,8390.08,6942.49,6265.95,4162.93,3730.32,7180.29,3305.89,23367.51,10655.83,3907.87,4842.93,3970.9,2102.32,2917.04,4605.93,4812.73,3489.64,4488.87,3072.03,4932.3,5549.93,3475.17,3188.37
ADIPIC ACID,17066.76,20428.37,23968.18,59573.82,15016.35,21670.61,29951.25,31134.23,16886.14,26128.4,25986.75,50844.39,77149.48,27785.18,46941.25,27790.62,17359.3,22057.44,20999.82,35780.34,18215.79,17902.7,30624.26,29410.84,47898.43,31719.23,30884.64,22401.3,33994.5,21558.17,19987.48,190575.33,31106.87,30035.53,27136.53,44798.48,43724.44,18305.16,26309.45,37283.14,35428.82,33140.16,27646.2,38098.1,37187.36,33759.43,44044.75,56019.59,55456.86,23544.61,17536.57,23868.24,23399.85,37771.31,40023.92,54375.66,24983.74,26228.74,50381.81,40386.56,33205.56,25810.7,26047.92,27023.75,36171.36,26831.9,42989.41,31102.72,38695.14,18376.31,42929.09,31785.58,24242.18,44427.88,40214.72,25865.02,32324.14,28186.38,31670.18,26838.79,17958.25,59531.94,45180.86,21273.74,22095.84,42991.93,22993.34,34434.31,376725.03,28811.9,24880.9,33377.11,35306.95,37814.21,19656.02,35374.5,26535.21,30677.86,35060.91,12876.68,29944.21,40378.85,21104.83,36173.79,52810.73,28868.29,33260.76,44240.77,31418.07,22504.21,30335.75,32914.87,25974.22,38346.78,44491.79,27703.44,26812.95,37341.81,17984.06,22639.53,42457,79886.15,23542.78,32013.23,43012.27,21392.74,34313.81,39110.29,24660.7,40044.24,39295.86,18949.79,29644.38,29187.3,25507.08,26274.58,21712.91,34228.4,9026.93,8219.87,9658.5,9366.37,13576.31,10960.88,10750.78,10607.51,11168.81,11566.49,10199.57,11952.52,9543.23,15581.8
L-GLUTAMINE,716102.5,774207.31,637742.31,906156.81,650215.62,617467.25,886773.19,660426.81,884519.94,818864.69,961603.81,870199.81,856492.44,860301.44,1051800.62,794694.5,754185.81,688975.31,697076.25,723277.25,688127.31,622645.56,602169.69,786619,780403,725018.06,592814.5,645706.56,567686.5,780498.94,819258.44,893554.56,993587.75,663021,727648.31,989129.31,895838.19,693823.06,671467.25,1063581,1145161,537802.62,614534.94,784486.06,797659.81,827260.44,818793.94,896703.19,809779.25,516640.34,625779.31,536999.19,675509.94,694653.06,890687.06,865738.5,722474.69,896094,1032161.69,925893,708876.44,756148.75,622988.5,752395.25,698113.06,603913.5,601431.81,692504.75,788187.06,798607.31,1011498.19,782176.5,679149.94,858788.44,826464.31,584300.69,683474.69,599940.81,834905.69,737154.25,815923,869678.31,797206.81,585955.56,690856,716982.69,624776.19,712175,634552.5,671125.31,767367.75,932886.44,848820.5,867728.5,586968.06,684552.19,568605.88,588285.94,678866.75,670020,855518.44,847052,524772.31,544178.94,535679.19,570424,694779.56,674583.56,708128.5,654662.44,766291.69,739156.31,644687.62,586445.19,735717.81,741853,857052.5,952803.31,619995.56,540451.75,877250,759551,955419.31,1022094.44,782434.75,736215.5,761389.19,1000005.31,734618.06,726930.31,680031.81,618059.62,874563.06,855868.81,762145.81,603664.75,540307.25,890482.75,5963.7,7450.37,5415.31,7514.62,7445.86,5236.15,7032.04,6864.55,3205.79,2859.17,1629.07,2282.57,348.64,443.24
L-LYSINE,5349.19,4257.26,7463.86,7370.45,3636.79,4194.84,5133.31,6252.14,6102.14,5179.51,10650.37,6767.49,6212.08,4270.43,6906.15,4955.56,4003.67,4270.07,3101.15,6200.49,4192.24,5829.2,6381.46,10586.29,5493.71,6064.51,8656.97,4244.69,5045.78,4933.91,7104.8,6346.57,4930.23,5910.87,3860.87,7196.88,5079.63,4659.27,9408.57,6320.75,8968.74,4652.97,8633.73,8707.28,6037.42,3877.67,3650.37,5341.52,4650.59,7174.21,5784.02,2167.12,5900.62,4903.04,10810.38,16537.31,6439.81,5979.23,5600.94,4893.3,5950.55,6751.4,6560.12,7302.12,4668.73,6171.49,8914.25,6476.61,4036.67,5354.79,5224.23,2984.47,4308.67,4912.3,5745.62,3170.78,7688.06,4865.36,5012.01,3355.45,7398.74,5227.94,3955.83,8147.89,4739.88,9089.46,5634.08,6806.06,5627.85,6945.34,6274.58,7864.5,4421.92,5952.62,4109.41,4764.15,5552.97,3777.28,3999.8,3579.57,6307.42,3910.52,3499.65,2556.53,5577.22,5553.29,5879.39,2715.35,7359.85,2760.86,4778.27,6964.57,4705.78,4944.15,2737.43,8011.61,6216.16,6938.52,7225.61,1601.66,4249.44,4061.54,7286.31,4906.19,2081.2,5781.11,5673.67,5904.09,6425.24,3722.67,6585.47,5544.76,3384.99,6448.77,7267.12,5119.76,4069.28,6225.78,0,0,0,0,0,0,0,0,0,0,0,0,0,0
L-GLUTAMIC ACID,31963.28,42863.54,76763.51,113128.1,49064.96,21660.34,52470.38,81142.65,18304.87,28659.02,66565.63,65858.29,77830.48,54953.84,52526.92,84698.66,43186.21,43672.91,48930.46,60275.03,17952.17,40403.43,50256.75,77722.8,52411.06,45382.39,109278.1,59645.02,45527.33,22914.54,31322.7,105965.98,81232.84,120083.27,112806.09,127438.73,99874.12,36166.93,63677.55,33707.86,34813.8,36495.78,78964.05,98413.45,49767.61,30679.99,62901.28,81357.79,50848.95,120151.12,21160.15,52297.73,18062.38,15394.94,20388.21,28187.26,46023.03,37844.8,106583.73,83239.32,33162.81,46978.72,72171.78,85326.74,40715.39,64075.07,101460.38,80263.65,15225.61,14896.57,35755.91,75245.65,26777.74,33993.7,29103.32,37060.73,60610.05,76848.51,60235.43,30390.45,40665.19,37617.66,29663.88,50905.07,86396.89,29837.64,34099.87,65747.52,127813.51,40433.33,42421.08,26211.05,56499.86,49222.06,78865.23,55839.05,56955.19,92713.66,97427.07,93437.88,55074.32,51646.89,50822.3,40295.42,38943.01,49847.11,76221.01,68237.56,26460.35,23654.85,54820.25,26323.97,45179.17,32644.22,37175.36,44896.75,61974.89,40448.12,118251.87,43836.8,25552.59,94139.49,93084.48,45633.23,81801.34,24170.46,94380.57,79116.77,64698.44,64372.87,21292.99,21214.02,55407.52,29214.68,81410.56,87926.38,192671.77,41828,909.38,611.55,1275.43,447.09,1354.43,959.51,691.8,565.9,490.57,667.32,471.02,456.08,383.29,0
XANTHINE,209317.38,289252.78,157035.38,200918.42,573382.31,244041.67,644839.56,300584.06,112889.26,147954.02,134858.31,181183.12,257673.95,317670.22,254273.33,386680.41,214791.23,284410.78,144272.48,424185.22,149964.02,193303.83,231956.69,188837.69,277502.97,421497,520559.84,431500.59,493236.41,125286.96,249308.98,226665.23,404377.88,1321603.12,1007074.06,1698649.62,1567799.38,220650.42,417043.16,258157.27,233149.25,206465.11,339335.22,455606.47,150713.2,151232.95,174481.86,468663.75,280404.84,138314.89,169475.23,265861.91,273900.06,150260.69,93390.43,195604.12,265670.19,181976.77,433282.66,211679.95,176686.95,215690.75,191166.55,358546.72,141334.09,192588.3,595350.69,200408.64,94312.26,157091.45,403803.25,115866.12,148420.3,90931.12,232550.75,157731.12,343340.84,315313.66,112495.19,324327.25,147068.41,386714.22,129654.87,165596.19,178890.55,237586.7,196753.8,455423,651928.31,228035.86,158586.98,180549.38,219629.06,180756.75,386501.66,242717.3,236125.3,185727,199349.02,263952.97,121671.51,177279.33,157464.61,130862.03,362456.22,231362.17,338399.91,162992.11,241447.94,112746.5,205380.8,189451.5,427604.41,339993.59,370559.5,191342.86,242942.67,374772.97,563288.31,343837.22,87445.66,445481.91,434193.09,343602.59,182890.12,281455.28,184627.67,120479.49,242415.08,421515.75,190819.64,195953.42,217643.83,170744.67,283196.59,482041.41,342883,345152.12,66773.23,68951.41,81487.03,85871.68,80757.86,58322.26,75558.41,79876.62,70218.59,85693.12,83855.79,89661.48,81013.15,87109.54
3-HYDROXYPHENYLACETATE,35148.84,17839.32,24145.72,62699.35,26093.85,19400.37,651994.31,979102.81,60618.03,18881.48,43754.78,866616.31,32706.88,58990.74,33290.11,102968.28,23437.36,35932.47,37594.64,19608.73,49790.57,846359.31,579361.88,43459.25,60543.24,277068.19,52238.59,50657.29,94994.31,395844.09,51746.54,5567705,398561.84,72076.32,44030.48,114576.59,76191.3,116244.56,44051.29,79892.98,458973.59,24537.62,23655.64,58136.04,31058.23,21853.15,90901.84,33830.4,46849.16,2435557.75,109109.46,84696.76,21508.56,29244.62,43914.38,390535.47,22612.8,16787.16,44131.36,30326.5,334499.53,173935.61,139970.23,134992.23,22848.12,60352.36,965980,363381.53,28103.29,18649.31,69934.4,46329.14,424665.34,539070.75,686625.31,179854.27,239025.92,204213.7,137211.69,384193.25,230725.64,246645.58,180920.05,34510.24,32506.5,46492.52,54112.05,78640.95,67648.62,38973.59,26419.53,36579.83,30714.31,49273.8,35804.01,19010.62,75301.12,39205.05,22110.03,24730.68,735055.56,35272.18,62555.18,180964.42,89010.87,22660.58,32779.52,35529.82,50232.31,1716126.12,105744.66,65261.25,501365.59,1624838.12,1377207.5,39576.56,54009.39,51966.77,1282677.38,12868.14,138092.19,33425.28,39448.54,580007.69,64942.05,105224.37,121411.1,59976.02,20216.48,1860457.38,16895.21,13290.75,28239.39,18207.64,36417.42,27775.34,24480.77,48005.25,4172.1,3939.47,1602.84,6013.03,10014.45,4276.74,7869.2,6502.53,8341,8729.04,7246.14,8792.1,6356.94,3988.2
ALLANTOIN,77315.37,71367.81,129419.35,61495.72,213068.33,67512.5,195902.58,203274,210202.05,121743.75,298895.22,178422.62,156847.47,102191.43,226451.5,105748.04,200237.8,238158.12,112876.88,197398.88,135437.05,258225.17,178578.52,319068,133901.25,207733.7,193204.7,404320.16,219935.17,163523.23,104914.84,95150.8,196637.48,546036.44,343408.47,365983.38,306936.28,215989.3,101880.77,169963.34,237701.27,119528.37,89380.04,154002.52,128236.3,163360.62,125360.44,255225.67,157735.89,175571.64,126041.54,183697.2,108970.9,167836.17,153059.55,222181.55,296475.06,139963.89,356595.78,255811.58,157699.2,120970.81,114325.09,208559.64,110870.05,114014.96,158825.3,78618.7,84967.28,58138.37,247795.11,87963.38,172645.7,215542.14,197000.75,112415.12,147500.39,112812.06,135375.77,176008.31,330505.62,272612,178806,156839.61,241581.55,269546.38,103935.51,133552.98,96848.59,78730.81,180393.77,170527.98,162096.42,228054.17,198266.81,130841.51,139367.67,212712.31,136929.48,104485.29,263856.53,143639.91,261223.12,231356.08,172580.75,103599.03,173276.83,153873.36,113624.84,142365.45,164437.86,152776.33,149162.36,167054.27,133400.86,136424.09,133161.77,272311.34,153877.02,79370.9,117700.91,98710.71,171635.89,180188.39,138104.88,149972.3,169161.05,232210.2,161726.39,178251.92,122755.41,173702.11,66165.16,122359.15,157143.11,164862.64,269347.47,115013.46,2527.53,1361.38,3226.95,1549.3,1409.04,2090.13,1869.31,1400.89,1248.19,1572.4,1339.27,1200.83,1395.46,1102.21
6-CARBOXYHEXANOATE,19479.79,31135.18,69852.75,189063.89,28569.29,33566.38,58861.35,45604.53,30032.66,40774.28,56941.57,198973.3,41941.31,30409.98,78254.15,113473.31,31081.23,46022.55,65629.4,109255,44298.2,82452.05,101450.45,121740.9,152917.19,36602.68,43797.83,102473.59,97950.7,37275.08,38028.64,64117.38,146701.25,88943.52,66815.35,193194,189046.5,72412.49,52665.99,215194.31,171505.81,54879.98,45774.89,193173.58,168978.81,31686.13,131494.42,202128.92,155737.73,42636.5,33899.87,62935.11,38558.2,73401.65,77078.91,237424.27,63790.39,44427.39,216835.58,129889.5,49320.05,62880.69,29356.64,42910.99,87663.4,57937.48,200103.25,123062.43,96166.99,40067.56,285814.84,105588.97,34384.23,90623.25,240494.56,55918.64,67635.23,171402.31,94121.69,55035.71,69566.6,195393.11,108089.56,47158.26,50823.94,186252.95,31112.61,84062.09,1577211,69034.21,52227.77,79443.62,130391.5,121861.19,33376.64,65355.64,50780.88,83532.39,150763.23,22069.12,64228.31,277398.91,71649.12,132982.67,184070.8,33312.79,98464.71,232001.88,61455.39,94211.18,171964.48,67957.35,96973.63,101414.18,135120.09,45573.56,57504.59,183120.95,19853.81,45527.95,91436.77,57708.46,29417.98,78471.41,102302.03,54024.11,91625.98,186685.42,57109.57,76724.52,49756.69,64902.42,66009.55,139306.92,44062.95,74861.48,53681.52,71408.23,14806.93,4464.77,14767.32,11976.38,12726.95,18125.65,12969.41,11033.01,14856.16,15046.4,10550.11,12809.49,12053.04,15212.98
3-HYDROXY-3-METHYLGLUTARATE,5096677,4509517.5,4615136,6617680.5,4560139,4011394,4493036.5,4424179.5,5460025,4941931.5,6053170,5309725.5,4714461.5,4497471.5,4803984.5,5604686.5,4422024,4010449.75,4509004.5,4198191.5,4560255.5,4502349,4705007.5,5077775.5,4753868,5343325.5,6583530,6203782,5193860,5003907.5,4028445.75,4830579.5,5132843,4787218.5,4701717,5313748.5,5273768,5220403,4720002,4180542,4803589.5,4474390,4510051.5,5126058,5504720.5,4802658,4865686.5,4619893.5,4175290,4824018,4392563.5,4101435.25,4685534.5,4910472,4486148,4393924,5646764,5334833.5,5548291.5,5524932.5,5277847,5401674.5,4271649.5,4105921.25,4993792,4670562,4990656.5,5270208,4776656.5,4602056.5,4556329.5,4661248,4287712,5569989.5,4645452,4444530,4346296,4765680.5,4480361.5,4293932.5,4798388,5018822.5,4974402.5,4220036.5,5060192,4462923.5,4277216.5,4740882.5,4937907.5,4473516.5,4732896,4358126,5159757.5,4324733.5,4279855.5,4574160.5,4497204,4689718,4745703.5,4560150,4549404.5,4661569,5607920,5409909.5,4874466.5,4297224,4102696.75,4688962,4934454.5,4933798.5,4945631.5,4396757,4425256,4761948,4491237.5,4458358,6374192,4405690.5,7224948,4352256,4838962.5,6826085.5,7885616.5,6030344,5758007.5,3891864,4813774.5,5563757.5,5019137.5,3831091.75,4265630.5,4649926.5,4457898,5419974.5,4655042.5,5104396.5,5674706.5,4444516.5,5103.47,3739.8,7044.52,4622.07,3757.9,3661.01,3976.77,6871.55,4231.69,2216.82,4497.61,3572.13,7733.22,7274.27
4-COUMARATE,4262.62,3924.05,2221.9,135557.53,2345.72,2310.65,9140.36,7539.3,7921.77,4682.71,10354.1,99877.35,12583.23,7762.07,7255.12,87370.87,6038.08,2997.85,8470.1,75629.83,3613.1,8907.67,11763.89,10903.58,69801.77,7994.03,10364.71,4050.97,58652.72,3266.62,9410.06,8574.86,53138.64,14890.9,25063.44,25304.7,145471.97,12037.85,5579.38,14658.48,76269.59,17498.58,6462.3,33835.73,75107.95,6034.98,135555.33,64358,90883.49,3365.51,5254.17,5458.77,10384.65,15215.43,22072.78,92056.25,6988.74,3084.76,86004.23,142332.58,7936.43,16166.58,3689.74,2796.26,184012.14,12139.34,71998.76,114858.54,168268.45,6947.43,83279.54,76537.21,8156.44,154756.75,91594.84,6215.12,124741.81,48758.33,66074.98,9711.7,11579.41,94605.38,102831.43,10277.96,8139.71,115918.05,32093.11,65688.77,227347.62,83618.16,13529.67,118095.9,91024.84,117135.98,25329.82,4762.8,142936.48,85685.94,80823.45,2399.2,67725.26,84748.95,7261.13,73541.48,101031.95,10169.37,110862.94,208593.62,365835.25,158225.58,112478.35,142650.02,92692.69,75642.16,103997.63,138139.91,81622.83,111485.6,5478.2,79866.93,125166.51,149822.94,2002.45,154764.69,114447.95,130651.69,103422.53,164540.62,83659.06,75180.77,96092.01,86109.04,73340.73,132879.23,134025.5,70927.2,91147.56,87909.15,4444.17,3691.03,4610.33,2969.05,4780.86,4255.36,7397.77,7581.6,2803.99,4665.52,2704.18,2039.35,5742.89,5787.49
6-DEOXY-L-GALACTOSE,1992.89,3094.04,5129.18,5399.55,1330.66,2287.03,4273.71,1739.7,1841.11,1576.51,3398.36,3959,7490.61,4259.68,6508.9,6706.39,1175.94,3332.05,1067.43,2564.74,3451.33,2373.68,4327.76,4385.72,5195.54,2641.68,8934.73,4989.69,5553.47,4157.62,3068.73,2148.73,1827.54,2775.62,4598.95,5816.49,6435.62,5639.48,2605.69,2712.83,3693.52,1649.09,2322.37,2011.77,3092.19,4180.58,2695.19,4671.45,7331.08,3175.54,3017.38,3003.49,1085.1,4847.65,4451.79,5217.21,3631.64,1584.43,6622.26,3376.76,4882.74,4525.94,2032.97,13137.65,10386.46,3523.16,2882.52,3413.7,1721.33,1626.13,1592.77,1706.79,2748.06,4492.96,3981.55,2445.48,2679.24,2706.83,4291.13,1639.23,3916,11764.93,3300.46,1735.66,5793.57,4626.65,3659.94,4140.28,2819.55,3566.84,3033.18,3932.02,3201.33,3104.52,1876.68,3784.49,1216.79,4397.94,2423.96,2073.57,3352.88,1622.04,4016.61,5033.19,2331.05,2128.89,2891.71,1899.59,4476.61,1671.47,1351.52,2621.83,6870.44,4710.22,5016.59,2392.78,1326.66,3504.99,3093.26,2953.75,5095.28,5370.98,4823.65,5889.24,4620.73,2707.46,5029.64,7964.14,3105.03,2073.6,2928.2,3037.52,1371.2,2579.29,1780.66,1642.71,3357.07,2842.96,1100.67,0,0,0,1064.51,763.08,705.92,742.83,0,0,961.2,949.67,0,728.22
3-[2-HYDROXYPHENYL]PROPANOATE,128711.32,92912.74,242010.61,151525.36,435842,164230.88,144623.14,207711.05,34887.61,17422.06,29892.21,49699.78,24543.45,49447.79,20538.1,83802.02,74578.55,56714.69,14372.98,34135.07,27980.24,291073.91,251772.52,426527.97,562411.38,105686.3,263900.44,90000.19,221955.3,272768.47,87461.85,57437.82,108656.09,1720771.12,982722.06,271651.97,2144247,77940.93,76607.95,102417.48,66439.39,994477.69,71712.01,109672.12,360813.09,56981.73,41578.77,33712.81,36412.89,91437.66,174938.95,50535.57,431495.38,340790.28,637019.56,800496.69,34550.45,53137.67,61257.09,81115.88,157391.27,256798.02,3976.4,44365.2,506168.16,194578.44,175913.45,248864.33,63297.09,29113.21,276067.09,317451.09,500146.47,554276.25,831223.69,97808.88,572621.62,753556,245944.44,53277.77,18080.63,276421.84,69654.68,228346.17,342851.47,991397.06,392242.09,173989.11,234675.8,210983.62,178848.39,255483.55,47325.17,519438.91,170191.39,20293.41,42593.31,207487.56,54868.95,12638.9,51684.07,51195.56,164074.48,189956.92,231575.88,8919.26,43348.03,69169.64,2760088,339779.41,769289.19,172902.27,128022.44,171631.25,387768.09,106422.57,65361.44,252179.17,342379.84,729486.94,957061.69,245550.5,65544.27,55314.66,415148.09,245632.62,169909.36,79271.29,45091.03,159249.8,112318.12,33811.6,48106.55,48217.3,123589.25,72899.74,70725.72,205202.55,3378.08,1839.73,2815.21,2653.73,1702.77,1602.18,4771.29,2894.25,1421.92,4510.57,3116.15,2592.36,1879.74,3632.26
URATE,28260202,27453846,28007390,32997208,25176774,21336432,23143822,33323242,31176192,25919750,33417222,26744678,27905248,27564450,27503706,25468954,25909466,24036560,24719792,25528784,25614390,27872648,22474166,28975888,27487392,33548648,35644308,42477444,36386116,23453294,21400918,21876464,19607562,29460822,26394690,33374538,32902974,35837940,26498064,31189488,35167224,29304278,26449048,32360074,29905624,29995272,32488720,34744964,28758010,37186792,27672768,27195418,20379158,32749850,34115504,39319484,32581042,31173230,37022944,38274848,32207072,31093944,36528304,36353396,35517212,33434730,40841896,34377576,22541258,20698904,24974378,23426984,29027442,32671744,30476530,28655238,28864112,32728374,25948090,42039460,52957700,42855908,38239876,33652916,35088212,35163264,18667362,19323994,15972504,13183219,38258520,39637044,36206100,35230772,32753930,26750096,26630400,31477742,26932058,26292160,24333658,26471270,23382184,25643074,22961706,28890752,29541414,26861574,26097766,26384794,26574570,31552066,32237568,32362862,27342966,27941440,30188562,27561654,29785042,21097766,24622056,28147062,22115272,26339840,25405898,27710310,31757288,32905990,24091264,31546586,27244806,33269246,27325072,29510050,25933670,35199436,32310960,28696952,15482.34,15703.89,26050.31,17820.25,20153.2,11714.21,18423.67,16299.58,3824.77,11314.97,3844.09,14539.78,9399.86,12887.53
HOMOGENTISATE,6510.04,10060.11,13959.79,26594.34,35945.18,53771.77,52618.25,31025.64,15445.25,31812.82,50683.48,34796.97,22281.93,21732.8,25059.4,28942.98,7233,12008.1,5423.92,33950.57,18701.89,49039.53,42794.77,66402.57,50139.06,19627.92,44516.18,18837.72,16661.71,18089.01,16865.22,64392.88,34891.69,42351.66,43280.18,52255.12,62530.51,20963.85,24967.59,24543.07,45161.05,23053.06,26278.43,27958.45,31998.28,15863.89,11322.63,14811.35,16684.28,46397.75,28295.19,13410.76,7345.53,15203.12,30965.35,79002.22,14554.62,19302.28,24967.85,13303.7,24919.65,28015.66,15977.15,17103.35,8003.53,16129.53,38783.89,15373.03,9517.22,10002.07,18078.12,12596.57,25316.42,20070.12,27672.52,26987.49,29911.29,18347.05,14743.46,30441.59,38885.36,37233.39,32280,31027.71,21738.27,33164.2,19641.3,10711.3,11091.46,16818.09,26916.2,28311.83,17862.1,19037.05,16417.44,26559.44,22005.83,17360.24,12315.35,6186.06,17107.26,10336.08,21528.35,19363.2,25743.24,30039.18,22553.49,14091.74,15262.22,38027.36,13357.95,12501.61,20987.5,22178.15,27720.67,43985.83,28147.99,39548.95,21198.22,6737.49,34519.93,28365.55,23271.35,22374.2,14789.77,14821.97,18191.48,20533.71,15771.64,46042.5,21984.8,12687.05,3868.62,9382.53,16025.84,7648.19,12842.61,14227.38,719,0,1123.95,946.46,0,998.42,1069.32,855.97,740.09,1066.51,0,836.38,1096.98,1655.73
SHIKIMATE,3932.84,7112.88,64412.64,252580.73,5510.78,7531.3,55136.11,4752.3,7683.83,5616.96,11479.44,192638.19,6420.16,10139.87,63370,118165.16,6903.7,8750.66,51609.09,98942.44,5959.34,3300.43,5813.67,58308.8,106963.32,5010.04,7643.73,60966.27,105279.73,4723.87,6230.32,17150.51,97379.7,6464.83,10723.08,87956.9,88388.56,6924.13,11391.26,207461.42,142927.78,5846.18,10670.68,249642.62,146940.42,5593.81,39963.62,250851,96475.51,6801.31,4486.97,28597.95,6452.33,5977.5,23389.21,256366.38,5657.66,20198.54,216149.2,86963.61,5294.76,19328.49,4988.2,19468.72,6159.83,18688.89,213842.89,103823.05,6110.91,21752.28,442470.5,103391.37,8126.2,70291.45,299299,5890.93,33536.17,199158.38,93612.96,6296.36,26382.44,181836.94,97343.46,4332.17,18052.22,179499.73,6811.4,27984.38,158899.28,84394.41,2747.33,17729.88,143709.3,91752.04,5194.72,7077.68,5293.53,23810.17,155899.86,3151.38,22528.79,386313.16,5020.42,86803.1,230264.98,6599.17,40589.75,168416.25,2709.74,30188.88,138122.89,5753.47,4285.11,36975.95,140488.66,3666.09,39026.85,148686.36,6072.99,9772.64,28460.24,3858.87,4574.07,28000.74,111765.48,3528.52,36263.93,145861.77,5302.69,6083.29,4121.43,5006.86,6111.87,110815.99,10247.56,6384.15,4375.78,5344.14,3373.63,4432.08,2952.2,3681.58,2395.42,2248.11,4036.47,3853.5,2295.31,2688.08,4095.55,3174.35,5078.77,4508.21
L-ARGININE,751941.25,542493.94,752797.69,859852.94,455275.84,609316.25,667497.94,480380.25,745914.06,674293.44,869711.31,741531.44,648442.25,653309,788110.75,600145.38,596787.19,567688.94,719554.69,785426.81,558883.56,556214.06,565682.19,900194.56,776695.31,556234.31,762105.31,568508.75,586482.94,665374.12,646947.75,615341.19,726402.56,623841.94,666568.25,769845.94,646618,595714.31,1059958.12,1047243.81,1177281.25,740302.75,1153024.5,1005819.81,1117471.88,615202.94,533057.69,664654.19,462435.34,417667.84,679911.25,449610.84,411554.09,457452.34,752788.81,847940.75,603549.75,700938.06,806175.44,592317.19,751606.81,606522.06,459211.72,518798.25,519443.16,548119.75,672140.69,566060.75,778972.31,756395.25,895155,872403.81,559370.5,770231.5,694542.69,535809.31,521819.78,449832.88,542463,535014.81,589497.81,575778.31,594186.56,797058.69,782182.5,746616.19,728368.75,697274.19,1054252.62,674414.56,592439.19,732014.56,577305.19,747201.81,684948.31,684905,554034.94,452404.38,587441.19,428681.62,696825.5,673010.75,309184.72,368547,424177.41,574394.88,566482.19,591721.31,641834.5,582326.56,970935.81,727109.19,511742.72,506036.34,571260.56,781459.81,772414.31,873088.75,549504.56,443629.16,722236.25,317444.78,740474.5,692842.81,554154,584726,734043.25,976748.5,633665.31,539380.25,843667.81,773697,665342.5,811043,746075.69,533939.06,566913.69,677705.5,12289.87,9804.31,9460.29,11574.21,10362.16,11127.29,11507.94,10013.62,4716.87,6054.78,4781.31,3645.03,12574.8,3142.53
CITRULLINE,110739.24,107121.07,104059.47,128605.88,95291.91,56946.64,119029.37,74809.41,85568.91,80093.49,128946.31,113117.98,83159.8,116056.49,109421.34,69480.05,99253.59,83614.81,69612.85,149444.12,15331.03,59424.46,72370.02,95226.25,90056.31,44996.02,128997.73,107138.52,81880.8,111378.31,85943.3,79104.95,105377.57,223871.5,185880.7,229383.19,209417.92,71857.1,87485.73,94018.7,108000.75,57702.19,89223.23,92214.53,98061.9,125524.96,116370.54,148244.92,96520.3,106821.25,80452.16,58785.08,62112.74,109909.32,178538.75,236569.2,84726.52,109780.52,135551.2,115215.29,116720.65,94150.26,68974.8,55625.52,84792.47,63767.7,155040.48,76929.6,75179.56,69137.21,109907.91,99262,119659.7,102502.84,155396.05,52721.14,111167.28,86919.53,77261.26,81485.88,127420.96,103646.88,117892.09,106975.77,120457.91,96044.84,95813.68,97359.72,105958.75,107289.1,88974.09,100859.98,75619.78,87014.61,130032.25,77424.84,40493.07,46509.11,60674.05,57275.89,124893.95,81239.47,102698.78,76280.59,88166.41,96807.8,113663.74,83385.48,42489.15,49572.09,59539.93,107073.09,74086.95,76738.55,116439.01,75603.81,55225.16,46991.75,65456.04,39845.96,96659.59,58849.47,76071.26,90884.38,84838.03,44587.19,122353.68,113427.66,81034.62,108326.8,87132.67,94787.09,100971.21,79740,89968.88,92748.38,28357.38,106600.44,1081.92,1179.78,518.99,390.25,772.89,662.58,499.06,1346.17,369.51,0,348.78,385.36,957.94,828.98
ASCORBATE,2822889.75,1285392.5,1565853,1302055.38,635348.19,518543.5,177716.25,956446.44,1182812.75,907885,1481569.5,945355.94,1279209.38,932055.94,963294.69,871651.75,128623.13,78306.74,112600.96,103604.98,1543505.38,672787.94,494782.59,781214.06,696376.06,226012.08,252754.92,393830.84,548609.75,314812.91,854152.06,1661785,1533649.88,396955.66,130104.21,148542.77,234553.19,1734851.38,886084.31,1169487.88,1367619,696972.81,853345.19,758236,471754.78,1096984.88,1034387.25,1035599.31,922223.94,409546.72,419593.09,998380.5,508769.25,1290849,954764.44,811729.06,48482.94,29294.13,63415.54,35490.93,2005349,1698214.38,1242181.12,649910.12,1067197.5,1307961.38,1007729.31,866925,786671.06,629070,869182.31,722017.44,1244296,328708.31,639919.5,306164,140035.16,913560.31,1194376.88,1219909.62,1087868.12,1452459.12,1222908.38,304150.84,416602.34,315968.78,1244008.38,1112244,161878.7,634227.94,827946.06,561224.81,683653.94,423133.66,992434.31,1311978.62,96488.85,56397.75,86551.11,515941.62,75097.1,629010.94,595938.75,279241.78,280488.53,1376531.5,1522084.62,1412277.88,862253.25,499502.91,445711.62,871445.5,416467.38,1388501.5,2435159,536603.69,931836.19,332897.84,67246.95,691054.31,988055.75,1945607.12,244138.05,988604.44,289072.91,900480,879591.44,1018714.5,1124982.5,709870.94,648984.88,1259135.62,1234487.88,809468.69,151922.75,309751.25,174080.75,561793.69,1937.96,957.53,1092.94,1638.3,1946.16,1339.43,1555.9,1473.97,1041.37,1228.6,1337.87,1363.67,1032.69,931.1
HIPPURATE,367552.28,904364.75,3545230,3574596.75,1404141.62,1072631.12,705757.81,3188363.25,3257968.75,2178435,2742458.75,2145139,1645816,3199602.25,1734003.12,2030485,680103.25,641340.56,805880,1049716.38,1672811.12,4892416,7627638,26842634,10991156,977633,5216682.5,1624800.12,1757969.38,4653413.5,2464024.25,2287202,5748194.5,17611982,14826288,4166446.25,37250044,3633229,3734131,5748230.5,9800305,8904163,3905828.25,5359345.5,6376563.5,5300306,3055768,3804514.75,3556507.25,2178112.25,5499835.5,2416491.5,5744678.5,9365597,12110151,18361182,1980148.88,1950739.62,1864156.88,1057845.12,3528415.25,4676795,833981.25,4815134,4099131.25,1764859,1720961.88,1486815.88,1649445.62,2480255,2107735,959532.31,2493969,5839292.5,3238559.75,2162956.5,10385127,11197059,5816484,2512242.25,4547219.5,5741841.5,1326379.38,4360898,4572743.5,4213548,2287480.25,1915141.62,1500272.62,1814161.5,10137256,15049293,1283157,8016437.5,5585190,2589747,961635,3822613.25,1413032.38,768202.69,1369063.12,1017589.5,5694089.5,2959082.25,3644920,271730.66,577256,1092080.38,6463498.5,1858161,2590133,2629491.25,1271049.88,347730.28,2232463.25,1235615.62,1737668.5,772630.81,2166109.75,5498696.5,1037072.81,11061990,1838059.5,1497007.5,1403573.62,4451997.5,8960788,3106818.75,1666973.62,752366.25,3254407.25,1462985.38,1037648,916857.5,1990708,126898.16,6757428,5170848.5,3274.88,2004.27,3740.93,1801.22,7352.74,2817.03,2406.76,2656.95,3200,2226.33,2759.27,4852.89,1527.45,7505.12
ALPHA-D-GLUCOSE,26724974,24305702,24328082,35289604,24422654,21211368,23850464,23710480,27933056,26157616,32901206,28810560,24744090,23606410,25549754,30898026,23531782,21521564,24402056,22521622,24253838,24010522,23925504,28115846,25894858,28611802,33959648,34546548,27581424,26412282,21201434,26451334,27995654,25805672,24872298,27834922,28778914,28136040,24954546,23405010,25849744,23614288,24254446,27451048,29576664,26609562,25952074,24902896,23445262,26014090,24190690,22092058,25170630,26226600,23952314,24050022,30530850,28439184,29311378,30237992,28993290,28048026,22552544,20564606,25752480,24889920,26218518,28585570,26395408,24739202,23405390,24763782,25013200,29563766,24769410,24000720,22588034,25671014,24602272,23350154,25341168,25836352,27372712,22643544,26760462,23106320,23131318,25169934,25903376,24018874,25373070,23132586,28039990,23138162,22748102,24769746,24235630,24981920,24488938,25521654,24865840,24808030,29981634,28692054,25532842,23242530,22334186,24658816,26758626,26470992,26747734,24681238,22718346,25573030,25783590,23727360,34503244,23859862,38474144,24062162,26483616,36255876,43455656,32256336,31136670,21009366,26067648,28810638,26459498,20074142,23174874,24464368,22598494,28079352,24318966,26912426,30573378,23933776,21704.38,27749.22,28541.26,18320.12,34677.4,7680.95,18168.5,17197.52,7600.05,11321.51,7906.23,16123.1,21005.51,30675.55
THEOBROMINE,8788482,7934474,16788710,11953709,7453661.5,14459637,23364984,8197040,8905035,16115752,22001246,18466512,8251320,7802987.5,17190608,20386954,15964223,6907985.5,23521214,7313092,6240654,7304372,16501400,8370235.5,16549693,9113574,22726192,11254613,9036819,9056882,21284796,8691771,8801477,17084054,8203907.5,9126466,17899288,9269813,8529059,21924182,9071551,7455667.5,14871781,8612458,19969176,8522591,17194490,8475076,8100164,8020614.5,8045835.5,14758896,13915605,8570161,16205440,8286933.5,10123476,28440848,9739884,30237514,9798080,18290490,7399212.5,14104317,17218698,8189340,8326116,28585886,8528589,16304896,7439442,25211072,8421677,9974329,6475518,8165432.5,7654783.5,16831006,24602822,14769021,16929344,15006968,18490302,7426174.5,18304080,7396066,7784626,25171398,9197025,24019910,8080264,22596816,9271043,15504261,14710297,15151913,7869248.5,8690292,7878217.5,14147379,24123264,8429293,9920240,9527707,8305254,23244122,22077598,8022270,17791790,17201746,17322472,8308436.5,7381327.5,8402691,16807182,7717622,22415030,7977610,12504567,7882798.5,9061435,10761125,14266284,32405680,20154976,6966778.5,25206346,8281098.5,9029164,13412609,7653030,24466914,6675080.5,8703794,7534746,17104710,10234361,23118386,22597.47,17820.17,11022.46,18320.12,24040.85,4598.84,16920.14,14778.24,3012.21,11321.51,6864,16930.58,24697.94,30675.55
L-TYROSINE,219599.86,231248.7,300529.72,384200.34,262250.09,306368.03,414011.66,283910.94,317623.66,381526.59,452346.66,327352.25,362626.59,355558.72,335602.34,363812,238437.7,290688.97,203952.58,426967.88,227234.45,359786.41,314957.41,478196,383989.72,128190.94,211014.31,158196.3,116549.02,260043.98,273436.66,225677.12,406318,253409.83,300396.25,262909,298369.09,299115.5,312548.16,326071.88,449219.88,277535.34,333280.62,358384.59,315538.84,173380.39,140785.14,187430.83,163606.39,299037.06,326540.22,181492.27,190401.73,258866.8,364117,624443.38,279926.09,279922.53,348993.03,247136.92,340988.28,299504.34,166784.73,231214.81,163767.33,253309.95,286382.34,207248.58,290393.34,261249.8,310027.53,273116.62,310806.09,278471.09,373750.75,296258.66,306578.62,278553.28,290559.97,243883.27,327449.34,273175.91,288092.16,359507.59,306737.12,309731.53,243236.69,177493,247686.88,273862.78,273369.97,310063.53,245780.36,222492.38,185419.98,192383.19,280829.41,236863.2,244558.27,125341.05,242278.33,211811.05,212267.05,187895.17,239656.08,283449.97,248485.8,238847.94,283036.16,229897.05,274353.97,207908.05,203176.81,202702.08,202955.39,303506.72,309257.91,376311.59,280760.34,216145.25,332258.44,236319.73,498252.09,435705.41,336486.41,202148.88,274201.19,320867.22,323795.88,239765.73,352690.75,297609.5,162240.91,206077.8,301624.22,245840.12,253696.56,175242.48,5759.93,4355.91,5527.84,6263.41,7172.93,5461.61,4981.49,5560.21,3999.11,2914.96,2842.85,3485.81,6916.26,1916.97
HOMOVANILLATE,31486.26,33137.15,67288.17,33303.89,163389.67,65753.26,71555.32,38884.98,10832.69,11231.24,11896.85,18920.87,9261.51,20156.95,7806.04,13911.63,32161.6,27962.21,14080.31,9017.8,13466.24,102905.06,86773.21,186898.3,343971.88,32334.52,199485.08,62027.5,159752.05,47458.3,24090.12,10475.13,25201.81,360140.78,319271.84,262189.59,505507.41,48317.4,20339.27,77460.69,38717.85,407671.12,13463.16,26125.42,46752.7,34159.45,15892.66,8930.21,12785.86,41884.5,94829.44,44200.11,194546.38,71334.87,154321.48,154112,11173.68,22883.61,24464.17,17577.97,38881.64,72369.15,1697.24,18969.52,201683.73,82179.97,62174.82,79059.47,15765.29,8675.29,81351.6,55553.66,122926.49,82973.02,208399.05,13603.58,117981.1,183058.8,54351.51,27073.27,7625.48,44062.15,16851.4,59112.06,66163.95,195832.94,61530.2,36349.31,70172.78,47869.71,42446.66,110833.22,23588.49,119846.8,161146.23,6521.15,12067,40672.49,12481.41,7566.45,12974.4,13553.5,42976.3,46864.71,88617.13,3380.11,12801.5,19423.08,427779.59,41705.5,116967.26,43684.25,20169.63,91143.77,181524.89,26693.05,17753.22,42523.64,254506.89,231313,305090.59,41880.81,28823.04,16128.55,156484.42,115886.74,60342.74,22580.79,23408.15,64858.03,23291.46,12659.37,8463.49,14141.27,40571.41,20532.34,28482.24,44354.74,768.27,1231.04,1309.04,1126.82,1100.4,1780.25,0,892.38,0,1229.71,883.69,0,1163.62,742.37
D-SORBITOL,44169.68,145094.27,77375.32,185806.73,28166.9,51590.44,33469.11,53828.03,88343.12,198180.94,40494.55,39195.5,90973.81,100210.75,47738.66,50971.8,33181.67,33113.51,65338.62,33562.94,34221.18,76571.81,63654.94,32268.17,73562.12,57938.03,150167.94,79293.9,71071.26,687918.19,117301.13,71190.7,72799.73,99696.21,136428.05,104237.62,64991.07,50939.64,39021.34,51768.84,62255.75,63497.88,34192.53,35386.85,30685.6,113000.34,63316.51,52957.09,49501.67,132066.52,37202.41,57461.47,74246.37,43315.45,613867.75,33500.29,157647.17,32561.68,36487.66,36661.06,224171.83,42005.05,134485.42,63085.11,165263.5,446836.09,344582.22,31378.62,37425.31,75130.17,29109.72,34156.36,206198.19,43127.41,227980.52,30219.21,98028.38,23768.72,18770.68,50953.05,34476.14,35255.89,28705.87,31585.91,31547.92,29574.82,500034.88,260791.23,75669.1,27282.52,50008.72,93319,45571.56,211353.92,159262.61,72989.27,378336.16,40709.94,36005.9,76157.18,28929.89,388777.75,38111.54,33279.94,35725.84,98603.96,132455.47,64974.38,51793.1,31323.45,27650.74,187672.98,47261.11,22685.11,29566.56,516642.16,24942.03,28057.44,60203.46,51558.95,47864.38,96832.56,50701.32,42841.19,33072.45,28143.88,46151.84,54679.54,529288.44,67295.13,294656.41,33862.5,25006.02,28579.19,61591.07,33846.43,162264.91,47663.35,8545.72,10847.95,6721.17,9106.46,10875.88,11865.58,10218.24,8897.87,9633.78,7827.83,6662.13,8775.37,5353.02,7050.18
MANNITOL,12190.32,69808.52,37069.63,71838.12,4771.06,27089.01,8331.73,18307.66,33422.89,83603.87,20337.94,17472.58,26416.77,31650.1,27317.73,21240.61,13413.96,11006.73,41189.5,8887.72,11498.45,37361.22,33435.62,20138.56,24780.35,26554.9,77596.4,39419.75,30257.51,333829.91,54606.87,29853.98,46026.6,33928.12,51842.53,49775.48,18014.45,29223.33,10081.3,22525.91,21543.64,23751.61,10955.8,8273.31,11509.37,42402.6,31687.53,18842.34,22956.82,69680.52,14483.68,31231.68,29507.99,18199.7,381797.09,11197.43,75612.06,16801.29,18376.21,16668.55,106042.44,15552.78,66931.62,25715.83,80500.82,223791.38,161810.67,13981.47,13513.81,40567.86,7165.24,12680.65,142922.69,15994.7,95956.73,11387.87,43478.86,4488.6,10565.59,24058.83,20958.29,12826.04,12184.68,16524.91,13630.78,14515.79,202608.33,101447.62,25458.06,11035.8,25804,37906.71,19826.79,152785.31,74795.08,29109.35,180305.11,22248.46,17995.02,41466.96,14779.82,164463.44,21637.39,17346.4,12371.59,40677.82,60835,30081.33,18217.98,14330.13,7509.52,77600.97,17861.31,8847.12,9176.91,237349.27,12288.27,7313.35,34958.96,21650.32,21062.76,46026.15,24595.02,16626.02,21396.44,7180.35,13540.44,27012.73,236791.95,25182.27,113182.82,7408.88,6402.58,9138.66,38102.01,10224.88,63724.97,23985.47,4691.07,4845.93,2399.78,1980.59,3557.16,6168.68,4125.16,3916.49,4202.47,2272.13,1881.08,3282.31,3269.08,3292.54
4-PYRIDOXATE,7489.31,9266.5,10393.3,12785.22,4994.4,8919.75,5646.75,5535.64,7864.14,8269.06,8345.29,9983.23,7664.05,6377.29,6718.65,6444.89,4849.29,7088.82,5684.18,5281.91,32279.03,9933.64,6467.78,8183.04,7373.11,8082.18,9652.1,12932.06,15979.51,256674.88,7648.69,5331.91,8097.77,30571.16,11332.51,27082.57,17696.26,13107.15,8012.06,13410.87,8940.02,6468.84,6696.64,7487.99,8560.54,348600.72,244306.11,233236.11,111456.48,29001.24,10748.63,46622.53,7704,8579.23,14189.62,28906.29,7691.35,10587.18,10495.52,12668.86,32116.97,18086.74,3455.76,4408.93,8046.58,9083.66,8388.02,10250.85,7883.35,7389.23,7183.6,10757.2,6070.17,6249.63,6918.32,7026.38,6855.53,7622.69,23128.1,6771.07,8188.69,7998.99,9506.1,7111.34,7732.25,6723.23,9508.6,7061.29,11959.64,5705.03,10762.31,11370.89,16018.6,11508.84,5452.75,8011.3,4573.17,7756.08,5724.97,6426.3,6493.12,22156.12,10993.7,8339.87,8811.77,7789.44,8405.21,8233.51,5286.35,7532.39,5630.48,5679.28,7764.89,17205.48,43134.29,5937.55,7826.87,9787.3,6090.47,8163.95,4078.53,78273,10822.33,10736.27,16925.99,1282435.88,13363.6,10756.47,99924.87,21920.78,697104.81,69108.37,21459.02,12512.95,11234.98,7887.03,87558.09,14463.63,6228.27,4498.24,3542.71,4302.5,3434.5,3835.11,4837.01,5299.97,4369.89,4466.1,4205.83,4898.32,4232.99,5456.14
AZELAIC ACID,115559.45,199421.42,308210.34,5072362.5,125451.09,203123.98,301928.66,197307.81,187601.44,233512.77,523454.47,2342786,369538.91,154035.11,358011.78,3898296,217068.12,408085.34,191319.5,3501992.25,153364.81,200708.25,491038.22,352528.75,3132446,133469.41,274248.69,557429.38,3281741,483081.25,148304.25,219304.62,4561136.5,741983.31,312452.06,587734.19,3365641,270725.22,251023.55,477306.09,2274647.75,256051.8,274779.97,286563.47,1769169.5,192657.42,4449716,4230284.5,1256609.12,198454.42,163994.83,255560.05,154284.8,305443.25,536683.06,2162120,554805.19,243385.02,6653061.5,4081390.75,568613.44,193257.73,183507.3,347655.97,3660392,473265.78,2321277.75,2378292.75,4740232.5,243991.48,2281036.75,1159363.5,257053.08,3563512.75,1973622.88,300317.09,3124910.25,997709.69,1002013.75,157345.8,206873.31,3215072.25,3089816,442333.34,263656.16,3561060,251601.95,3543089.75,214799600,3061151.25,350427.59,3433846,2285403.75,4079406,250734.7,317969.38,4755907.5,2720563.75,1748748.38,125690.72,1842984.5,2726949.75,712940.06,2216786.75,4899818,254902.25,3544147.25,4713831.5,3471130,2572681.25,3719964.75,3060389,3222727.25,1266824,1429287.62,2113905.75,2154560.75,2479335.25,308860.97,4088660.75,3215325.75,5650528.5,364947.41,3034754,3754513.25,3457128,3626315,4495271.5,4521347.5,6261964,2394592.75,2955857,2598779.75,4423952.5,2490523.25,3782184,5534708,2847696,113313.75,100038.91,115178.77,84716.8,119454.01,115074.81,123852.27,99264.99,84080.74,109493.91,97032.49,115687.37,102045.98,168827.52
10-HYDROXYDECANOATE,164070.64,251295.45,181098.45,190975.92,87929.2,93775.59,131576.03,148185.94,75690.62,231644.67,99443.27,254318.98,157118.8,159445.36,88979.72,130063.5,111797.62,131927.17,124853.8,103606.4,84571.98,137169.11,120712.13,120024.4,157472.69,179389.48,86283.95,88741.44,100223.16,170118.48,177433.95,235559.94,92229.15,72659.56,65032.53,51375.04,108390.44,186402.33,130798.09,100511.25,111541.41,169356.52,113765.66,200838.05,112760.04,161478.14,156774.62,176177.77,147959.17,149622.59,80982.35,104323.37,112019.84,113814.59,78355.51,186032.06,135782.08,177844.83,184879.38,160132.2,106091.35,122861.52,166683.81,138679.59,212617.89,141479.69,209642.36,275209.22,111458.82,151301.17,146994.83,115429.49,116826.4,144150.58,141419.73,305057.41,198112.08,257281.95,364844.09,226046.5,102180.88,194230.92,113268.1,199319.14,176507.92,143218.72,146869.42,140196.81,144074.69,127658.25,135582.08,90082.4,149883.73,94740.96,203301.95,161750.5,152149.28,149034.11,254120.23,94583.96,127002.15,134749.55,138891.11,185785.25,226524.73,95975.06,127719.38,201717.2,217325.61,161235.16,119289.25,122680.45,341394.66,202158.5,256692.77,151192.27,183442.42,160466.31,413159.78,85723.24,131908.83,689747.62,191170.58,248547.36,243892.67,160474.27,123507.95,125817.52,105890.99,112352.98,454181.09,238329.88,164133.27,191873,88092.49,133377.64,528065.06,218062.23,26159.19,29576.32,29592.67,22555.64,36108.77,28117.19,47567.39,19774.66,29259.21,32414.06,28829.08,31361.98,24888.84,34414.89
D-GULONIC ACID GAMA-LACTONE,5049.95,1848.48,4117.53,25828.49,1574.98,6167.79,7483.14,1060.21,1247.96,1591.08,1568.17,4218.92,14780.73,6190.97,10766.29,20041.62,1366.64,3027.76,3000.05,2589.33,1007.32,3413.05,5797.97,2236.29,3344.41,1108.95,2218.24,3246.56,6692.12,1005.18,4061.93,1661.75,1405.66,1300.09,3226.69,55834.14,4462.64,93377.88,1314.86,4857,1121.53,6325.97,1096.55,8383.36,1613.72,1458.04,940.47,1375.31,1536.78,3422.35,1167.87,1271.66,4342.19,57319.12,2512.28,5057.12,1593.88,1704.38,1208.55,8199.67,1711.79,1771.35,2996.85,1304.55,4398.17,4330.77,1697.72,2075.82,2928.79,1471.84,1478.2,1645.93,2101.45,1687.7,5338.83,1680.49,4162.75,1145.76,2849.5,2882.6,1356.25,1265.77,1497.21,1352.86,4323.46,5150.43,3606.13,1399.56,19882.24,1476.75,1180.02,5620.12,41315.62,31443.05,6886.15,1599.11,1566.78,1769.33,1493.44,1111.49,3399.72,1745.49,8106.45,6443.39,1305.5,1087.93,2773.19,1368.14,3517.29,1158.97,4443.85,1884.88,1682.83,1445.45,1248.91,10970.57,1375.79,2213.57,1402.23,8946.7,2794.25,2386.39,2096.39,1800.88,5062.48,2937.64,3680.75,2422.01,3914.76,1684.35,1529.92,1451.99,2894.51,19074.85,3508.43,1151.67,1627.42,1963.18,0,0,842.15,0,875.23,0,0,0,0,687.39,1034.18,0,0,0
N6-[DELTA2-ISOPENTENYL]-ADENINE,1715.86,3965.18,7069.45,4506.94,1852.34,7545.72,7873.8,3357.17,4349.14,3297.74,10265.28,4645.92,5992.21,5077.41,7226.9,5975.99,2523.19,2530.73,2560.28,11223.78,3356.36,4729.23,9950.27,20682.91,6336.52,17918.9,49106.1,42294.01,10311.52,10915.52,6870.9,2503.59,9626.67,11003.27,24961.38,37652.12,17334.77,7127.24,5608.94,7248.63,5017.27,4057.42,3205.67,7378.42,7323.49,2377.53,5313.28,2353.08,5315.49,4264.12,17386.54,12648.06,5480.66,3604.6,6957.21,22938.43,6337.92,6729.35,11564.48,8191.73,10516.3,6731.54,2268.33,4574.81,6381.89,4660,11134.45,4152.91,1977.05,2871.9,1398.04,3818.71,7503.67,6411.62,10796.07,9800.65,7090.27,11961.71,4370.41,3527.26,9105.12,6371.08,4479.49,5424.31,11114.02,4510.05,4249.73,7320.2,4602.71,2757.11,8998.91,10201.78,3977.98,10117.49,2394.84,5796.58,3970.03,4720.67,3401.99,7402.74,8689.25,3237.91,7041.31,7211.17,2865.99,5532.49,14712.56,11074.95,3886.47,5226.89,6160.28,3127.87,2941.41,3544.63,3174.89,2583.83,4966.6,8051.36,8029.52,4681.16,8541.75,9261.77,6449.86,6089.64,3115.75,2574.2,6530.13,9360.93,8638.27,9225.04,4009.26,3756.21,1723.73,6076.96,3870.75,5162.87,5599.46,5360.45,1018.15,1089.62,668.48,868.92,934.63,774.57,903.12,0,736.57,922.37,1067.81,1062.07,1128.28,1063.06
L-TRYPTOPHAN,136157.55,112856.79,118639.85,123476.81,107903.37,171460.42,154553.75,137457.62,154185.75,176917.2,211939.52,146430.83,141788.94,167488.98,119650.7,165169.23,91092.84,111020.3,83897.84,180279.7,55261.32,165005.69,142761.23,190181.38,133333.83,78698.87,97120.16,69562.05,58180.14,123150.71,109284.29,56463.22,125815.18,161082.62,131137.38,162106.38,132330.39,104891.91,128320.16,119920.12,115809.32,134315.69,137587.14,136555.61,130267.52,100558.1,85735.54,103481.35,67871.79,122832.09,160921.17,99608.38,94548.55,128683.18,149486.88,209719.58,113056.68,125533.21,97922.91,131621.69,138830.47,131553.2,101608.85,110959.5,125970.43,115967.16,180177.25,109148.29,116534.12,121248.88,136056.08,119921.62,116486.04,106631.28,153515.23,105599.02,140596.64,112597.09,75399.17,84949.04,137137.2,92011.1,78872.25,140815.92,141362.95,171785.42,110705.1,76815.53,109334.81,93663.41,126772.09,184584.95,142660.77,127876.13,94359.75,133215.2,124351.29,115951.34,110401.03,89623.24,85251.34,122062.12,139363.06,108003.84,107936.96,148850.67,146901.75,121518.73,107132.23,123045.48,115913.44,102530.91,93163.46,106397.46,75280.87,158281.83,126663.27,119376.21,93292.35,89078.46,117919.98,92068.97,180881.48,148231.39,75823.01,103619.6,115475.62,150266.77,106401.87,80073.07,124110.93,92532.4,60920.22,109546.54,125471.94,129692.22,144554.02,87385.88,5844.98,3810.21,4884.02,4627.13,5221.53,5179.93,4135.59,4259.91,2700.48,1760.31,1576.07,609.66,5495.11,1085.27
OMEGA-HYDROXYDODECANOIC ACID,142467.92,173004.67,97839.09,117288.29,73494.98,48058.65,77645.01,77462.48,51685.2,175694.69,84471,219427.56,98140.6,101586.62,62859.47,72198.15,84486.41,78009.34,80402.59,65244.62,43454.25,65048.37,63724.55,85012.96,105782.16,89476.27,32722.92,44174.77,37983.96,83587.19,172545.62,171507.69,64119.96,35486.26,29623.49,45451.75,62960.61,158801.14,105586.81,57963.22,84722.64,118418.75,95421.77,202850.52,88364.79,86406.95,104929.29,119605.13,95861.62,145820.61,46344.54,76631.38,88547.38,70747.09,54329,129971.27,131458.17,130248.12,131454.3,133480.11,70487.43,96637.41,135203.39,81357.07,171159.55,161296.14,215658.12,277162.09,65794.79,95714.71,95618.06,60621.93,65613.6,89263.2,97352.44,142700.89,106123.71,155350.73,240001.52,195899.42,61776.25,147097.64,128847.88,127309.96,89095.12,105855.01,95817.27,100512.62,145461.39,78019.95,107007.87,58839.11,95048.84,77414.75,145894.44,105655.59,124827.72,136807.66,194394.5,45830.3,76635.23,78222.01,82491.18,93306.16,152705.55,46852.09,60773.41,109333.79,196316.64,126588.48,119965.62,126613.06,374993.62,209620.5,223994.95,116659.99,176816.14,110280.62,336394.34,79423.95,118101.28,386866.34,102833.38,127719.44,140428.45,159873.8,167544.38,78022.35,98933.31,86654.71,293284.41,204360.3,148068.52,145321.64,78989.84,65235.47,139977.81,166371.11,11460.24,18773.18,13549.5,14487.21,16150.52,16289.82,23729.19,17044.97,13407.9,14583.22,14046.56,13240.69,12143.77,15562.08
L-CYSTATHIONINE,0,681.96,682.78,647.72,0,0,435.94,768.16,0,1064.61,722.68,873.59,0,684.21,424.7,0,0,0,0,0,0,1805.91,992.13,680.82,0,0,3954.9,2058.12,941.1,0,0,344.19,499.23,3466.72,2815.88,3441.84,5049,0,503.59,0,1186.46,706.88,837.86,568.91,0,0,0,337.46,719.36,1036.92,0,0,728.56,6846.92,14865.25,23206.36,598.19,671.09,633.2,716.71,544.46,369.6,0,0,0,0,1536.64,0,651.84,0,0,0,0,0,477.95,828.68,997.03,0,0,767.48,5706.22,4942.83,0,828.43,699.18,375.71,620.57,599.91,0,0,1628.1,1550.77,0,0,0,0,1045.04,0,0,0,0,0,2582.9,780.14,1532.66,2955.87,1114.56,0,0,0,684.28,702.33,0,0,0,0,0,174.86,806.48,0,0,584.25,750.25,231.87,0,0,759.03,701.05,698.26,0,722.31,0,780.23,0,617.46,611.64,0,0,0,0,0,0,0,0,0,0,0,0,0,0,0,0
URIDINE,637376.69,571602.31,388549.62,563423,1043775.75,339948.97,522584.62,657709.94,643328.62,366545.03,906390.81,639043.88,374063,492744.28,595443.19,511562.84,433033.75,476128.75,692651.69,471560.88,610288.25,235771.67,307548.41,338919.72,522005.59,502243.25,352269.03,301837.12,465938.66,377524.28,450357.09,711247.69,406479.47,746225.44,351529.34,669723.25,685621.81,767367,818967.81,854356.94,700644.5,351658.47,791435.81,914385.31,587513.19,466768.88,539123.19,773607.69,392724.84,681125.75,230887.39,627820.31,732365.19,550863.81,233939.64,290352.97,509553.84,379138.88,578648.19,532927.06,786654.56,582049.31,600259.75,633110.19,834319.81,864230.5,917967.69,1160543.62,399055,717432.69,996880.69,571557.94,421318.22,552708.19,401040,437691.22,561663.25,509500.25,511564.72,787970.81,511320.75,625796.25,733021.69,382029.5,454477.66,517230.5,661623.31,692348.19,765272.06,451513.75,545433.62,434411.09,672244.94,399222.34,780106.31,633056.5,313858.88,633386.06,621027.31,916103.5,734618.69,755881.94,484810.75,688766.62,722578.5,323015,1011672.19,509312.88,399727.66,534896.81,474952,460585.66,403410.34,445983.91,412218.03,651564.81,1151384.62,546511.38,927084.81,722589.25,340177.53,856189.5,683158.81,686721.81,789012.56,571642.75,588651.44,1008971.81,405346.25,425353.16,395426.5,535689.5,913231.75,873013.75,701338.19,628454,1001107.75,594034.56,0,0,866.77,0,783.09,0,951.18,683.03,0,0,0,0,814.3,942.95
PALMITATE,15980.37,25077.62,25752.3,16093.62,13904.73,13932.7,20006.44,12509.59,3351.2,15175.88,4157.36,27646.02,23801.28,28289.38,9311.74,11119.03,19609.88,9024,10567.17,7733.89,8327.85,18863.41,27322.09,16854.35,27090.73,24494.03,9669.9,11883.4,4169.95,20972.13,13238.7,40247.66,7391.43,9747.86,7400.52,17779.38,8928.08,21946.85,20886.11,14704.92,17342.93,18803.08,17612.52,22693.55,13642.76,10235.09,17277.03,21980.76,8849.19,30966.02,10894.24,24988.12,15701.2,34454.89,12025.64,28662.2,10303.74,26075.71,15755.13,13165.5,7423.35,14384.35,32304.72,12851.09,22420.2,29974.33,34960.93,39855.9,9766.34,21403.88,12651.98,16663.59,14316.78,7080.48,10735.23,18367.62,14784.3,32274.77,40988.68,30380.34,11760.02,26644.81,24767.53,29331.89,26877.82,23630.93,26358.39,8366.58,16498.64,21968.66,14538.98,12261.58,16379.19,7753.88,37786.98,22184.03,20622.77,34845.5,27355.77,11159.69,9849.04,21036.07,10053.78,12860.72,28437.72,5311.14,5443.09,16085.83,34356.96,17371.07,24605.2,13013.28,35588.17,16243.09,39615.75,15595.68,22324.74,18931.74,41105.29,13356.5,10661.1,22766.22,7788.84,9467.92,10265,25258.77,26518.46,49379.33,12141.07,26729.86,19879.28,30128.1,33338.94,10248.09,13082.04,3545.06,15559.4,28724.37,3110.83,1581.63,2178.83,1308.67,1127.34,5123.29,1361.01,2696.1,3076.51,1483.33,3484.68,1427.74,1371.91,1064.79
INOSINE,765763.69,424592,1260827.88,362696.09,278181.97,915064.19,527355.31,107737.93,412649.84,618894.62,524740.69,347997.66,367498.28,145804.94,662496.06,89073.87,1041123,258090.55,1278399.88,262472.22,1058936.38,431782.47,129399.12,389869.22,37804.09,1460545,734399.75,1867926.88,1519535.88,806998.19,125870.88,945519.5,182679.61,626205.69,1299870.38,991297.94,664732.94,845939.56,635448.25,1950176.62,801967.44,772210.44,481278.78,362423.91,1338239.38,1026731.44,702170.5,222884.05,654604.25,421132.75,740266.44,756448.81,569301.94,431444.84,458981.12,79083.94,807589.06,951890.44,169471.2,666912,1483883.38,516599.75,983918.75,570899.69,1110933.38,1745009,204527.83,2247675.25,621884.44,1342348.5,256822.67,660357.81,1100845.5,1010321.81,933514.81,1269804.38,165491.8,215319.73,831150.31,2159822,493417.66,247314.86,1102786.38,1226113.62,1397099.12,495735.5,1303567.75,433858.03,6349.76,309524.66,479946.97,214800.75,68217.99,35620,134909.88,126310.41,99740.84,714198.5,812386.69,66603.03,1062029.88,515315.62,665685,915750.25,93897.12,139884.89,51589.97,932188.69,157009.81,675719.38,546237.12,193612.3,60360.38,832468.81,178278.7,892857.06,1696576.12,512773.41,61991.03,65359.96,897301.94,56401.73,87935.32,65479.19,1526829.5,1394793.62,740244.19,1157817.88,233997.17,53677.2,594543.69,890534.25,108988.41,250906.81,129217.84,78806.78,136685.64,181568.06,0,0,0,0,0,0,924.29,898.34,0,0,0,0,0,0
OLEATE,154598.58,235174.39,219191.23,182222.88,124005.65,64734.03,140206.67,110973.56,22057.8,234586.75,74941.25,400469.12,143875.25,235987.81,87341.45,118780,184758.8,165887.7,162932.98,33317.4,31800.8,139396.59,88615.46,190456.88,142882.22,184105.12,87080.79,80315.59,36316.89,138966.61,141537.92,256443.7,44959.64,64243.28,35143.36,22907.72,68255.1,263889.28,120560.59,44498.86,105355.59,127308.52,89244.52,230652,88250.81,155273.06,202573.23,291627.25,83421.6,394501.91,58648.07,127298.29,142167.52,208405.8,97318.44,183069.83,102043.69,371246.47,136514.95,124458.71,32996.54,161056.83,259021.83,117506.12,202850.31,518120.09,430768.41,509171.5,93741.2,126629.77,82605.16,127331.38,126833.04,90955.59,105896.75,147674.86,185356.08,360502.66,354400.25,290675.38,39173.44,122739.31,160711.7,263856.31,279987.84,258229.77,325303.22,100616.07,216207.38,180153.02,114368.38,66865.04,93385.47,51436.88,498752.66,211560.25,198455.44,263100.69,374288.72,43670.53,82515.91,109998.74,121622.54,131829.2,325669.75,41811.32,61655.58,166193.44,234276.05,185007.25,220120.44,124123.7,377960.38,199564.12,542406.88,118398.72,120562.55,141944.2,540666.44,70276.49,138678.27,202982.08,82587.03,109955.65,124948.18,124226.1,305748.72,41234.07,108796.7,202093,261294.27,420976.59,495171,136175.5,105700.16,33806.57,116123.19,285680.09,826.07,1044.11,0,0,867.44,2952.02,0,894,1019.38,0,2223.98,0,0,0
GUANOSINE,52605.29,38859.5,93806.28,56227.07,24575.15,85528.61,13866.17,14284.19,32800.58,63484.57,34354.04,57458.12,45036.5,14723,58153.06,9463.79,80002.38,44759.03,84961.16,20415.22,112683.27,33453.69,13316.79,57197.42,2538.55,155932.95,178687.69,240008,340209.34,101125.52,20165.24,138848.98,4848.66,111971.72,139078.33,106217.38,92607.06,115518.54,47075.43,180482.61,148138.36,79818.21,43780.79,36263.44,150032.89,102254.23,53941.73,16562.2,119470.44,51985.25,81349.87,85814.2,70472.24,33026.75,54266.83,24444.62,44787.34,97426.12,13792.39,116339.73,144610.2,103829.55,69669.84,44323.24,112521.28,233875.12,18469.39,226786.31,68358.91,126590.31,24616.68,74193.51,85145.21,73065.48,162265.28,96903.44,26707.49,22808.62,89561.79,138304.27,40494.34,47100.08,76350.68,145601.86,168309.75,79932.24,150248.27,36369.11,0,65610.2,50900.94,38577.56,8655.73,4139.11,16171.52,23009.19,16582.61,82270.97,112798.07,7296.03,100534.16,84418.34,69737.81,102171.06,17278.29,22834.35,3073.71,77354.84,42823.1,50932.43,110111.25,56082.28,4977.93,146968.36,53809.75,100774.98,163849.69,64681.76,0,3920.17,117444.8,4763.92,0,15766.62,102829.68,232548.08,72812.08,94775.15,16239.95,2532.81,80691.43,143232.92,39032.41,46427.93,37196.96,3383.58,11270.32,26314.59,0,0,0,977.95,0,0,0,0,0,789.75,0,0,868.62,1106
CORTICOSTERONE,13208.96,22051.1,15864.49,26259.38,35993.11,5718.45,3639.48,34239.1,3009.29,5578.62,2269.24,21220.11,9447.69,11590.94,8163.46,4397.67,7179.36,8745.58,8372.23,38349.05,6822.24,6406.28,3648.14,176768.55,7750.27,3530.73,19283.55,7418.93,7295.1,11658.07,2789.09,42762.53,6329.32,10947.69,6275.94,8458.94,41994.69,19261.38,9042.84,5606.38,34510.14,3697.7,5131.26,8436.11,6523.27,15282.27,17233.2,19833.51,16126.45,6341.29,45147.64,43474.33,5264.57,12171.19,10240.8,14098.65,15807.18,19714.18,12819.16,15904.68,4674.79,14440.7,1224.6,11679.65,4557.52,6181.98,5764.79,3051.02,0,7619.5,4500.06,3822.94,11464.15,39774.07,23235.71,213523.8,16152.39,17469.32,5837.1,8319.3,3728.2,14207.45,4539,10136.79,15627.9,124177.75,681190.5,10140.27,74081.94,4426.19,13506.69,8189.6,10830.73,15205.45,35123.66,11198.33,7362.19,6614.15,0,12433.19,14866.09,53405.07,9380.88,13133.46,4451.14,1357.79,0,128841.35,11434.64,14328.32,45949.67,8944.25,8252.86,6844.02,35108.57,19188.66,14936.33,7743.02,12214.71,7839.61,427628.41,23760.07,16330.16,18202.92,20596.01,9100.21,35905.91,5302.11,0,3297.62,11599.24,65499.28,17316.49,15484.02,11733.45,12183,12425.98,7175.58,0,0,0,0,0,0,0,0,0,911.82,0,0,0,871.82
CORTISONE,9092.74,6095.39,3089.69,9070.57,6866.43,5324.68,1843.54,8161.91,4029.93,4623.54,3109.8,3793.58,6377.94,2898.79,5354.48,2231.69,4427.81,1973.73,6801.92,1848.4,8301.43,2993.47,2594.31,3403.9,6200.07,3991.2,0,0,0,2509.95,7047.06,12233.73,2368.4,6187.21,4049.03,3934.36,0,10317.25,3078.62,3916.62,4684.66,3215.29,2993.77,3087.89,2139.7,9907.24,13549.19,18083,15561.99,2747.19,2241.97,2767.61,2166.9,4929.31,2228.62,3988.72,6234.69,13443.36,5484.19,11144.3,5091.79,3165.6,3455.81,9573.68,0,6384.91,10155.69,0,3445.2,1282.07,1496.85,2959.62,3070.82,4914.09,8291.42,9553.75,0,0,7213.13,5670.04,7296.88,2617.53,3834.26,3904.2,3839.24,15682.47,22610.51,4380.24,8909.51,3829.12,4261.83,2664.52,2961.54,3093.28,3702.62,2402.27,4958.49,3973.66,3467.17,4060.16,3694.99,9252.64,4664.41,4380.91,8011.42,3536.88,8782.72,3567.82,2135.34,2021.13,3452.1,1853.02,4107.97,5543.19,5377.38,3833.86,10832.34,7253.37,9617.04,2095.89,3676.8,3125.84,15443.15,6963.8,7532.9,5230.54,6799.46,6073.84,2875.63,1879.83,10063.76,12881.56,5549.67,5629.95,0,2623.14,8355.71,8883.74,0,0,0,0,0,980.44,0,1273.04,0,0,0,0,0,0
CORTISOL,21846.5,37481.36,29035.67,42463.8,4391.86,2559.85,1709.04,2339.37,1691.13,7731.66,6301.57,2487.04,21640.63,15053.21,11681.5,19274.09,4146.87,5821.26,5136.39,4209.18,15350.61,5003.97,2756.24,13839.52,9177.12,4258.02,0,10728.25,12615.41,9596.85,2668.04,12333.41,9296.37,27047.26,3177.72,2846.73,15573.96,25527.01,5744.2,6491.36,27112.89,12609.99,6162.59,2820.32,7322.93,10111.09,10499.88,16704.17,8492.89,2388.91,17301.89,13426.89,1419.17,7366,14054.92,10158.2,12612.65,8852.65,13188.25,18280.08,7607.08,7208.82,5496.89,5830.62,6002.69,2533.14,5677.64,0,0,6613.69,5156.84,3409.32,10318.28,22065.62,16832.09,9606.58,7942.96,4605.53,9897.66,6766.58,2211.83,3932.33,6065.24,5438.09,6184.36,32680.52,53746.08,8413.81,40367.72,5163.81,7732.1,4392.09,11192.09,9392.03,8028.18,8293.43,6329.75,10476.87,5715.62,10770.83,8760.85,25775.09,8252.41,9626.16,6044.14,1499.08,7441.72,17054.59,7749.22,6465.65,3027.04,3438.78,4279.77,6599.86,12127.6,13005.61,18730.74,5841.36,9240.39,5542.06,13491,13939.67,14517.23,10430.76,13987.31,4570.23,15038.64,1958.82,3660.4,6444.97,8839.39,12636.75,7528.05,13116.99,2766.63,7357.92,4819.95,13397.46,860.64,0,0,0,791.05,0,1141.96,0,0,0,0,0,0,0
DEOXYCHOLATE,394518.34,157570.52,217659.62,329808.06,119581.96,117513.45,19765.91,93615.29,614432,210754.86,146632.84,99306.65,705034.44,415966.97,3323435,1332977.88,279060.97,309739.56,193432.55,517791.78,26786.82,110665.5,171973.3,154806.11,76416.65,140062.41,59038.2,311056.06,78605.54,440969.34,808375.31,1167388.38,1167824.38,69718.79,174864.42,136905.72,120065.77,348433.09,410546.03,75254.86,671806.69,249529.23,382865.22,1647425.5,1160468.88,149696.27,62229.84,155399.45,390024.84,143912.83,212293.75,225025.75,254723.06,196111.58,78446.75,323363.41,798979.75,165969.92,321052.97,1623795,186255.95,249533.44,267046.38,616977.06,290597.5,413579.84,231901.98,259934.12,146696.09,75636.34,261148.55,305248,373043.25,2451337.75,589127.69,235829.89,391735.66,257106.73,1028103,155494,175241.48,355600.16,347649.22,179082.45,264446.72,201813.58,160487.61,45138.36,161517.25,83567.3,914929.69,880231.69,393366.75,3208982,122543.65,71045.37,276551.38,544742.94,356523.78,245266.86,456480.97,160332,117040.93,601537.19,146481.39,64235.03,178243.77,32978.3,121743.72,684625.06,210947.75,197365.62,75966.67,127479.13,162449.69,47425.24,41704.08,122013.27,156693.17,92609.06,626475.19,207152.12,579270.69,231457.06,255467.86,100648.87,940283,399956.12,338550.84,372269.84,177651.69,21670.25,136233.39,259899.19,235615.88,736785.19,49548,342462.56,0,0,0,0,0,0,0,0,0,0,0,0,0,0
CHOLATE,110441.48,106318.1,96051.6,117903.53,121283.16,60846.62,78136.02,60734.91,62601.53,71989.23,28944.26,65160.68,79666.9,69377.27,101131.75,68331.28,77001.53,54488.59,78958.97,79366.35,108650.93,72901.92,64390.86,86416.36,75254.93,193338.95,216166.12,180661.11,184761.55,81355.26,73568.37,100224.69,48548.62,30486.7,16911.09,36544.57,28721.44,132474.27,38087.79,99128.66,94923.16,38181.97,53879.85,76241.73,65063.36,89311.68,85007.88,131998.77,132281.7,45467.43,62520.99,68432.1,77062.24,59438.09,82257.21,77305.57,140036.33,116973.52,146066.3,118577.06,37287.22,72656.34,70865.94,60696.43,79596.28,35275.07,44380.7,60745.75,63540.27,58068.12,76047.69,56755.83,146702.03,196407.25,153397.3,85926.78,92504.94,124635.03,150250.94,94574.66,86906.37,93222.71,113632.52,95421.53,118610.66,125767.65,98197.16,125632.71,109743.12,99495.6,63555.44,58031.53,78168.87,91962.13,76301.65,80537.84,56598.32,81167.5,69273.89,78237.67,188515.36,91891.01,91013.43,98481.21,87551.3,74628.73,70835.62,126293.95,86624.69,77087.78,65370.57,69374.2,71741.51,75510.34,90601.85,97089.62,115408.06,60204.21,195000.67,56451.07,86949.02,110546.81,120109.87,165904.08,207099.05,54889.77,61432.75,65933.63,68201.09,95803.47,66018.97,110128.54,140685.91,87779.24,52571.01,111445.38,150934.11,81885.26,0,0,0,0,0,949.59,0,0,0,0,823.05,0,0,0
GLYCOCHOLATE,8259.71,70933.97,12836.89,66027.05,24558.96,139124.8,13558.25,40134.53,38280.38,27294.74,5062.13,48747.5,100480.97,17886.73,38118.64,186212.25,6326.34,30554.1,12106.64,20948.33,7648.72,9688.94,21321.65,11693.01,10621.82,23357.88,21023.42,45931.77,29970.62,43229.97,29205.65,45496.05,31565.8,63418.42,36708.18,37087.04,15365.93,22580.35,44301.29,28212.42,29839.4,22849.24,31281.26,56405.59,60501.13,11985.87,2331.06,5881.83,17474.96,73376.78,40766.56,24834.63,24157.7,19613.34,26850.11,39204.64,168472.64,110282.23,122072.59,123217.56,8697.74,89615.03,72094.16,113181.37,15313.67,16300.86,7680.7,5781.76,35788.54,7154,11818.31,19067.6,106722.69,224286.88,82578.05,40640.76,27983.14,14120.79,11749.18,28948.31,32627.5,18176.68,14882.1,3919.31,2624.26,9259.72,14296.43,26130.95,6673.89,5238.69,33767.7,46794.28,50892.53,23889.04,0,125267.73,12681.52,43151.54,38903.39,18110.28,26520.71,21043.52,21908.47,65619.43,50584.3,25917.34,257741.42,102069.78,50515.08,189872.92,45270.46,43959.53,4953.35,6434.06,18863.29,98219.22,63139.19,101362.3,265429.78,18492.11,35584.95,29611.06,474860.12,171593.14,76452.57,10758.53,52573.48,157333.73,95900.18,32103.15,31866.02,10597.64,0,33376.97,36827.95,172592.64,61307.39,26501.61,0,0,0,0,0,0,0,0,0,0,0,0,0,0
